Date,Hub_Name,Model,Bus_Allocation,Asset_Worth_Per_Team,Monthly_Gross_Income,Statutory_Repayment_30
2021-01-01,ENUGU NORTH,Grassroot Cooperative,100,2500000000,51947457.51,15584237.25
2021-02-01,ENUGU NORTH,Grassroot Cooperative,100,2500000000,46066050.58,13819815.17
2021-03-01,ENUGU NORTH,Grassroot Cooperative,100,2500000000,59531193.34,17859358.0
2021-04-01,ENUGU NORTH,Grassroot Cooperative,100,2500000000,50433802.9,15130140.87
2021-05-01,ENUGU NORTH,Grassroot Cooperative,100,2500000000,60924111.13,18277233.34
2021-06-01,ENUGU NORTH,Grassroot Cooperative,100,2500000000,48340137.83,14502041.35
2021-07-01,ENUGU NORTH,Grassroot Cooperative,100,2500000000,63400263.41,19020079.02
2021-08-01,ENUGU NORTH,Grassroot Cooperative,100,2500000000,46948786.08,14084635.82
2021-09-01,ENUGU NORTH,Grassroot Cooperative,100,2500000000,46927770.46,14078331.14
2021-10-01,ENUGU NORTH,Grassroot Cooperative,100,2500000000,50474920.34,15142476.1
2021-11-01,ENUGU NORTH,Grassroot Cooperative,100,2500000000,52577587.1,15773276.13
2021-12-01,ENUGU NORTH,Grassroot Cooperative,100,2500000000,49144169.18,14743250.75
2022-01-01,ENUGU NORTH,Grassroot Cooperative,100,2500000000,63740192.87,19122057.86
2022-02-01,ENUGU NORTH,Grassroot Cooperative,100,2500000000,61254408.77,18376322.63
2022-03-01,ENUGU NORTH,Grassroot Cooperative,100,2500000000,49686792.65,14906037.8
2022-04-01,ENUGU NORTH,Grassroot Cooperative,100,2500000000,55173707.77,16552112.33
2022-05-01,ENUGU NORTH,Grassroot Cooperative,100,2500000000,49363680.77,14809104.23
2022-06-01,ENUGU NORTH,Grassroot Cooperative,100,2500000000,46859950.93,14057985.28
2022-07-01,ENUGU NORTH,Grassroot Cooperative,100,2500000000,51479973.95,15443992.19
2022-08-01,ENUGU NORTH,Grassroot Cooperative,100,2500000000,50073937.37,15022181.21
2022-09-01,ENUGU NORTH,Grassroot Cooperative,100,2500000000,57585736.62,17275720.98
2022-10-01,ENUGU NORTH,Grassroot Cooperative,100,2500000000,60210350.53,18063105.16
2022-11-01,ENUGU NORTH,Grassroot Cooperative,100,2500000000,54837936.85,16451381.06
2022-12-01,ENUGU NORTH,Grassroot Cooperative,100,2500000000,64495871.04,19348761.31
2023-01-01,ENUGU NORTH,Grassroot Cooperative,100,2500000000,49440439.56,14832131.87
2023-02-01,ENUGU NORTH,Grassroot Cooperative,100,2500000000,64995720.55,19498716.16
2023-03-01,ENUGU NORTH,Grassroot Cooperative,100,2500000000,63662654.93,19098796.48
2023-04-01,ENUGU NORTH,Grassroot Cooperative,100,2500000000,64234539.33,19270361.8
2023-05-01,ENUGU NORTH,Grassroot Cooperative,100,2500000000,46203632.03,13861089.61
2023-06-01,ENUGU NORTH,Grassroot Cooperative,100,2500000000,52831403.43,15849421.03
2023-07-01,ENUGU NORTH,Grassroot Cooperative,100,2500000000,62275137.96,18682541.39
2023-08-01,ENUGU NORTH,Grassroot Cooperative,100,2500000000,49610187.2,14883056.16
2023-09-01,ENUGU NORTH,Grassroot Cooperative,100,2500000000,51817016.06,15545104.82
2023-10-01,ENUGU NORTH,Grassroot Cooperative,100,2500000000,62086228.55,18625868.56
2023-11-01,ENUGU NORTH,Grassroot Cooperative,100,2500000000,51329083.26,15398724.98
2023-12-01,ENUGU NORTH,Grassroot Cooperative,100,2500000000,53416754.22,16025026.27
2021-01-01,OSHA MAIN,Grassroot Cooperative,100,2500000000,47842763.9,14352829.17
2021-02-01,OSHA MAIN,Grassroot Cooperative,100,2500000000,57791955.93,17337586.78
2021-03-01,OSHA MAIN,Grassroot Cooperative,100,2500000000,61629918.82,18488975.65
2021-04-01,OSHA MAIN,Grassroot Cooperative,100,2500000000,51223803.83,15367141.15
2021-05-01,OSHA MAIN,Grassroot Cooperative,100,2500000000,55678396.98,16703519.09
2021-06-01,OSHA MAIN,Grassroot Cooperative,100,2500000000,62679945.3,18803983.59
2021-07-01,OSHA MAIN,Grassroot Cooperative,100,2500000000,54134933.49,16240480.05
2021-08-01,OSHA MAIN,Grassroot Cooperative,100,2500000000,49544168.41,14863250.52
2021-09-01,OSHA MAIN,Grassroot Cooperative,100,2500000000,51621601.09,15486480.33
2021-10-01,OSHA MAIN,Grassroot Cooperative,100,2500000000,63154084.81,18946225.44
2021-11-01,OSHA MAIN,Grassroot Cooperative,100,2500000000,57980975.18,17394292.55
2021-12-01,OSHA MAIN,Grassroot Cooperative,100,2500000000,63277193.32,18983157.99
2022-01-01,OSHA MAIN,Grassroot Cooperative,100,2500000000,56903021.74,17070906.52
2022-02-01,OSHA MAIN,Grassroot Cooperative,100,2500000000,53760386.11,16128115.83
2022-03-01,OSHA MAIN,Grassroot Cooperative,100,2500000000,56029525.97,16808857.79
2022-04-01,OSHA MAIN,Grassroot Cooperative,100,2500000000,46197613.7,13859284.11
2022-05-01,OSHA MAIN,Grassroot Cooperative,100,2500000000,64546158.27,19363847.48
2022-06-01,OSHA MAIN,Grassroot Cooperative,100,2500000000,53491753.51,16047526.05
2022-07-01,OSHA MAIN,Grassroot Cooperative,100,2500000000,58929944.97,17678983.49
2022-08-01,OSHA MAIN,Grassroot Cooperative,100,2500000000,53829365.17,16148809.55
2022-09-01,OSHA MAIN,Grassroot Cooperative,100,2500000000,47820317.72,14346095.32
2022-10-01,OSHA MAIN,Grassroot Cooperative,100,2500000000,46786118.52,14035835.56
2022-11-01,OSHA MAIN,Grassroot Cooperative,100,2500000000,57176642.91,17152992.87
2022-12-01,OSHA MAIN,Grassroot Cooperative,100,2500000000,55568279.54,16670483.86
2023-01-01,OSHA MAIN,Grassroot Cooperative,100,2500000000,58310752.04,17493225.61
2023-02-01,OSHA MAIN,Grassroot Cooperative,100,2500000000,49142011.43,14742603.43
2023-03-01,OSHA MAIN,Grassroot Cooperative,100,2500000000,60010824.74,18003247.42
2023-04-01,OSHA MAIN,Grassroot Cooperative,100,2500000000,64342110.72,19302633.22
2023-05-01,OSHA MAIN,Grassroot Cooperative,100,2500000000,48603269.48,14580980.84
2023-06-01,OSHA MAIN,Grassroot Cooperative,100,2500000000,51015764.83,15304729.45
2023-07-01,OSHA MAIN,Grassroot Cooperative,100,2500000000,60398792.65,18119637.79
2023-08-01,OSHA MAIN,Grassroot Cooperative,100,2500000000,46732541.1,14019762.33
2023-09-01,OSHA MAIN,Grassroot Cooperative,100,2500000000,64886062.13,19465818.64
2023-10-01,OSHA MAIN,Grassroot Cooperative,100,2500000000,60807323.86,18242197.16
2023-11-01,OSHA MAIN,Grassroot Cooperative,100,2500000000,54042121.21,16212636.36
2023-12-01,OSHA MAIN,Grassroot Cooperative,100,2500000000,47695630.68,14308689.21
2021-01-01,OSHA OWERRI RD/ASABA,Grassroot Cooperative,100,2500000000,64778535.34,19433560.6
2021-02-01,OSHA OWERRI RD/ASABA,Grassroot Cooperative,100,2500000000,51955315.4,15586594.62
2021-03-01,OSHA OWERRI RD/ASABA,Grassroot Cooperative,100,2500000000,62898634.87,18869590.46
2021-04-01,OSHA OWERRI RD/ASABA,Grassroot Cooperative,100,2500000000,59308225.93,17792467.78
2021-05-01,OSHA OWERRI RD/ASABA,Grassroot Cooperative,100,2500000000,52534681.73,15760404.52
2021-06-01,OSHA OWERRI RD/ASABA,Grassroot Cooperative,100,2500000000,63866014.36,19159804.31
2021-07-01,OSHA OWERRI RD/ASABA,Grassroot Cooperative,100,2500000000,50740553.98,15222166.19
2021-08-01,OSHA OWERRI RD/ASABA,Grassroot Cooperative,100,2500000000,48422146.96,14526644.09
2021-09-01,OSHA OWERRI RD/ASABA,Grassroot Cooperative,100,2500000000,47293938.44,14188181.53
2021-10-01,OSHA OWERRI RD/ASABA,Grassroot Cooperative,100,2500000000,47728417.84,14318525.35
2021-11-01,OSHA OWERRI RD/ASABA,Grassroot Cooperative,100,2500000000,51030438.4,15309131.52
2021-12-01,OSHA OWERRI RD/ASABA,Grassroot Cooperative,100,2500000000,62875189.43,18862556.83
2022-01-01,OSHA OWERRI RD/ASABA,Grassroot Cooperative,100,2500000000,55008897.06,16502669.12
2022-02-01,OSHA OWERRI RD/ASABA,Grassroot Cooperative,100,2500000000,52747208.19,15824162.46
2022-03-01,OSHA OWERRI RD/ASABA,Grassroot Cooperative,100,2500000000,48270445.32,14481133.6
2022-04-01,OSHA OWERRI RD/ASABA,Grassroot Cooperative,100,2500000000,59171023.22,17751306.97
2022-05-01,OSHA OWERRI RD/ASABA,Grassroot Cooperative,100,2500000000,55467588.94,16640276.68
2022-06-01,OSHA OWERRI RD/ASABA,Grassroot Cooperative,100,2500000000,63276138.05,18982841.41
2022-07-01,OSHA OWERRI RD/ASABA,Grassroot Cooperative,100,2500000000,58770871.93,17631261.58
2022-08-01,OSHA OWERRI RD/ASABA,Grassroot Cooperative,100,2500000000,47320323.01,14196096.9
2022-09-01,OSHA OWERRI RD/ASABA,Grassroot Cooperative,100,2500000000,55991637.52,16797491.26
2022-10-01,OSHA OWERRI RD/ASABA,Grassroot Cooperative,100,2500000000,59615753.32,17884726.0
2022-11-01,OSHA OWERRI RD/ASABA,Grassroot Cooperative,100,2500000000,53199205.17,15959761.55
2022-12-01,OSHA OWERRI RD/ASABA,Grassroot Cooperative,100,2500000000,47148388.55,14144516.56
2023-01-01,OSHA OWERRI RD/ASABA,Grassroot Cooperative,100,2500000000,47755941.4,14326782.42
2023-02-01,OSHA OWERRI RD/ASABA,Grassroot Cooperative,100,2500000000,46551641.81,13965492.54
2023-03-01,OSHA OWERRI RD/ASABA,Grassroot Cooperative,100,2500000000,46465374.89,13939612.47
2023-04-01,OSHA OWERRI RD/ASABA,Grassroot Cooperative,100,2500000000,49173354.95,14752006.48
2023-05-01,OSHA OWERRI RD/ASABA,Grassroot Cooperative,100,2500000000,46207034.08,13862110.22
2023-06-01,OSHA OWERRI RD/ASABA,Grassroot Cooperative,100,2500000000,59943808.2,17983142.46
2023-07-01,OSHA OWERRI RD/ASABA,Grassroot Cooperative,100,2500000000,55578505.71,16673551.71
2023-08-01,OSHA OWERRI RD/ASABA,Grassroot Cooperative,100,2500000000,49345611.02,14803683.31
2023-09-01,OSHA OWERRI RD/ASABA,Grassroot Cooperative,100,2500000000,48194670.74,14458401.22
2023-10-01,OSHA OWERRI RD/ASABA,Grassroot Cooperative,100,2500000000,59040129.52,17712038.86
2023-11-01,OSHA OWERRI RD/ASABA,Grassroot Cooperative,100,2500000000,46070210.25,13821063.08
2023-12-01,OSHA OWERRI RD/ASABA,Grassroot Cooperative,100,2500000000,47157427.51,14147228.25
2021-01-01,UMUAHIA,Grassroot Cooperative,100,2500000000,58860218.81,17658065.64
2021-02-01,UMUAHIA,Grassroot Cooperative,100,2500000000,53123404.04,15937021.21
2021-03-01,UMUAHIA,Grassroot Cooperative,100,2500000000,47893874.54,14368162.36
2021-04-01,UMUAHIA,Grassroot Cooperative,100,2500000000,51710559.3,15513167.79
2021-05-01,UMUAHIA,Grassroot Cooperative,100,2500000000,56390997.52,16917299.26
2021-06-01,UMUAHIA,Grassroot Cooperative,100,2500000000,50172310.1,15051693.03
2021-07-01,UMUAHIA,Grassroot Cooperative,100,2500000000,45810392.73,13743117.82
2021-08-01,UMUAHIA,Grassroot Cooperative,100,2500000000,48036296.83,14410889.05
2021-09-01,UMUAHIA,Grassroot Cooperative,100,2500000000,49720717.78,14916215.34
2021-10-01,UMUAHIA,Grassroot Cooperative,100,2500000000,63269503.27,18980850.98
2021-11-01,UMUAHIA,Grassroot Cooperative,100,2500000000,51883644.73,15565093.42
2021-12-01,UMUAHIA,Grassroot Cooperative,100,2500000000,51834558.68,15550367.6
2022-01-01,UMUAHIA,Grassroot Cooperative,100,2500000000,64182984.38,19254895.31
2022-02-01,UMUAHIA,Grassroot Cooperative,100,2500000000,50897631.56,15269289.47
2022-03-01,UMUAHIA,Grassroot Cooperative,100,2500000000,53870615.59,16161184.68
2022-04-01,UMUAHIA,Grassroot Cooperative,100,2500000000,64901975.18,19470592.55
2022-05-01,UMUAHIA,Grassroot Cooperative,100,2500000000,49311494.41,14793448.32
2022-06-01,UMUAHIA,Grassroot Cooperative,100,2500000000,50175063.57,15052519.07
2022-07-01,UMUAHIA,Grassroot Cooperative,100,2500000000,54894979.21,16468493.76
2022-08-01,UMUAHIA,Grassroot Cooperative,100,2500000000,51889502.97,15566850.89
2022-09-01,UMUAHIA,Grassroot Cooperative,100,2500000000,48984107.91,14695232.37
2022-10-01,UMUAHIA,Grassroot Cooperative,100,2500000000,50718458.48,15215537.54
2022-11-01,UMUAHIA,Grassroot Cooperative,100,2500000000,52725236.68,15817571.01
2022-12-01,UMUAHIA,Grassroot Cooperative,100,2500000000,51168039.6,15350411.88
2023-01-01,UMUAHIA,Grassroot Cooperative,100,2500000000,53032206.39,15909661.92
2023-02-01,UMUAHIA,Grassroot Cooperative,100,2500000000,57246674.79,17174002.44
2023-03-01,UMUAHIA,Grassroot Cooperative,100,2500000000,45598103.54,13679431.06
2023-04-01,UMUAHIA,Grassroot Cooperative,100,2500000000,59363980.48,17809194.14
2023-05-01,UMUAHIA,Grassroot Cooperative,100,2500000000,54364549.63,16309364.89
2023-06-01,UMUAHIA,Grassroot Cooperative,100,2500000000,52488011.73,15746403.52
2023-07-01,UMUAHIA,Grassroot Cooperative,100,2500000000,51000756.11,15300226.83
2023-08-01,UMUAHIA,Grassroot Cooperative,100,2500000000,61375838.05,18412751.42
2023-09-01,UMUAHIA,Grassroot Cooperative,100,2500000000,53310994.48,15993298.34
2023-10-01,UMUAHIA,Grassroot Cooperative,100,2500000000,46419932.23,13925979.67
2023-11-01,UMUAHIA,Grassroot Cooperative,100,2500000000,48819082.87,14645724.86
2023-12-01,UMUAHIA,Grassroot Cooperative,100,2500000000,47726275.83,14317882.75
2021-01-01,BENIN,Grassroot Cooperative,100,2500000000,60075196.44,18022558.93
2021-02-01,BENIN,Grassroot Cooperative,100,2500000000,58202755.0,17460826.5
2021-03-01,BENIN,Grassroot Cooperative,100,2500000000,52402248.27,15720674.48
2021-04-01,BENIN,Grassroot Cooperative,100,2500000000,57562247.64,17268674.29
2021-05-01,BENIN,Grassroot Cooperative,100,2500000000,62240953.65,18672286.09
2021-06-01,BENIN,Grassroot Cooperative,100,2500000000,52306380.83,15691914.25
2021-07-01,BENIN,Grassroot Cooperative,100,2500000000,61624664.34,18487399.3
2021-08-01,BENIN,Grassroot Cooperative,100,2500000000,57881360.75,17364408.22
2021-09-01,BENIN,Grassroot Cooperative,100,2500000000,56239362.79,16871808.84
2021-10-01,BENIN,Grassroot Cooperative,100,2500000000,50005723.54,15001717.06
2021-11-01,BENIN,Grassroot Cooperative,100,2500000000,52374864.08,15712459.22
2021-12-01,BENIN,Grassroot Cooperative,100,2500000000,60877305.39,18263191.62
2022-01-01,BENIN,Grassroot Cooperative,100,2500000000,45313573.6,13594072.08
2022-02-01,BENIN,Grassroot Cooperative,100,2500000000,55583236.68,16674971.01
2022-03-01,BENIN,Grassroot Cooperative,100,2500000000,51509997.6,15452999.28
2022-04-01,BENIN,Grassroot Cooperative,100,2500000000,62179434.61,18653830.38
2022-05-01,BENIN,Grassroot Cooperative,100,2500000000,60544401.04,18163320.31
2022-06-01,BENIN,Grassroot Cooperative,100,2500000000,52522089.48,15756626.84
2022-07-01,BENIN,Grassroot Cooperative,100,2500000000,49738320.06,14921496.02
2022-08-01,BENIN,Grassroot Cooperative,100,2500000000,60314145.41,18094243.62
2022-09-01,BENIN,Grassroot Cooperative,100,2500000000,51954843.81,15586453.14
2022-10-01,BENIN,Grassroot Cooperative,100,2500000000,46962412.46,14088723.74
2022-11-01,BENIN,Grassroot Cooperative,100,2500000000,46911166.06,14073349.82
2022-12-01,BENIN,Grassroot Cooperative,100,2500000000,64165896.86,19249769.06
2023-01-01,BENIN,Grassroot Cooperative,100,2500000000,48915727.67,14674718.3
2023-02-01,BENIN,Grassroot Cooperative,100,2500000000,49996149.93,14998844.98
2023-03-01,BENIN,Grassroot Cooperative,100,2500000000,46512451.99,13953735.6
2023-04-01,BENIN,Grassroot Cooperative,100,2500000000,53485739.81,16045721.94
2023-05-01,BENIN,Grassroot Cooperative,100,2500000000,48918714.48,14675614.34
2023-06-01,BENIN,Grassroot Cooperative,100,2500000000,53440917.11,16032275.13
2023-07-01,BENIN,Grassroot Cooperative,100,2500000000,47333571.96,14200071.59
2023-08-01,BENIN,Grassroot Cooperative,100,2500000000,54546371.08,16363911.32
2023-09-01,BENIN,Grassroot Cooperative,100,2500000000,56787495.64,17036248.69
2023-10-01,BENIN,Grassroot Cooperative,100,2500000000,63582940.16,19074882.05
2023-11-01,BENIN,Grassroot Cooperative,100,2500000000,53890673.27,16167201.98
2023-12-01,BENIN,Grassroot Cooperative,100,2500000000,63286005.04,18985801.51
2021-01-01,YENEGOA,Grassroot Cooperative,100,2500000000,23054666.73,6916400.02
2021-02-01,YENEGOA,Grassroot Cooperative,100,2500000000,25559605.92,7667881.78
2021-03-01,YENEGOA,Grassroot Cooperative,100,2500000000,25792404.74,7737721.42
2021-04-01,YENEGOA,Grassroot Cooperative,100,2500000000,27147723.6,8144317.08
2021-05-01,YENEGOA,Grassroot Cooperative,100,2500000000,31503324.21,9450997.26
2021-06-01,YENEGOA,Grassroot Cooperative,100,2500000000,32031584.74,9609475.42
2021-07-01,YENEGOA,Grassroot Cooperative,100,2500000000,24023895.01,7207168.5
2021-08-01,YENEGOA,Grassroot Cooperative,100,2500000000,23150455.64,6945136.69
2021-09-01,YENEGOA,Grassroot Cooperative,100,2500000000,30745620.44,9223686.13
2021-10-01,YENEGOA,Grassroot Cooperative,100,2500000000,23665018.55,7099505.57
2021-11-01,YENEGOA,Grassroot Cooperative,100,2500000000,25561886.88,7668566.06
2021-12-01,YENEGOA,Grassroot Cooperative,100,2500000000,25549783.07,7664934.92
2022-01-01,YENEGOA,Grassroot Cooperative,100,2500000000,27111986.09,8133595.83
2022-02-01,YENEGOA,Grassroot Cooperative,100,2500000000,30125738.1,9037721.43
2022-03-01,YENEGOA,Grassroot Cooperative,100,2500000000,29056405.47,8716921.64
2022-04-01,YENEGOA,Grassroot Cooperative,100,2500000000,23858823.43,7157647.03
2022-05-01,YENEGOA,Grassroot Cooperative,100,2500000000,28146795.67,8444038.7
2022-06-01,YENEGOA,Grassroot Cooperative,100,2500000000,23251360.2,6975408.06
2022-07-01,YENEGOA,Grassroot Cooperative,100,2500000000,22941941.2,6882582.36
2022-08-01,YENEGOA,Grassroot Cooperative,100,2500000000,23195109.15,6958532.75
2022-09-01,YENEGOA,Grassroot Cooperative,100,2500000000,28786218.4,8635865.52
2022-10-01,YENEGOA,Grassroot Cooperative,100,2500000000,31483312.13,9444993.64
2022-11-01,YENEGOA,Grassroot Cooperative,100,2500000000,27950119.34,8385035.8
2022-12-01,YENEGOA,Grassroot Cooperative,100,2500000000,22655219.04,6796565.71
2023-01-01,YENEGOA,Grassroot Cooperative,100,2500000000,25608940.72,7682682.21
2023-02-01,YENEGOA,Grassroot Cooperative,100,2500000000,27725983.27,8317794.98
2023-03-01,YENEGOA,Grassroot Cooperative,100,2500000000,28941399.1,8682419.73
2023-04-01,YENEGOA,Grassroot Cooperative,100,2500000000,23189945.01,6956983.5
2023-05-01,YENEGOA,Grassroot Cooperative,100,2500000000,30921071.73,9276321.52
2023-06-01,YENEGOA,Grassroot Cooperative,100,2500000000,31973476.33,9592042.9
2023-07-01,YENEGOA,Grassroot Cooperative,100,2500000000,29844695.48,8953408.65
2023-08-01,YENEGOA,Grassroot Cooperative,100,2500000000,26579575.29,7973872.59
2023-09-01,YENEGOA,Grassroot Cooperative,100,2500000000,25078053.62,7523416.08
2023-10-01,YENEGOA,Grassroot Cooperative,100,2500000000,24324245.41,7297273.62
2023-11-01,YENEGOA,Grassroot Cooperative,100,2500000000,25510797.01,7653239.1
2023-12-01,YENEGOA,Grassroot Cooperative,100,2500000000,25408212.67,7622463.8
2021-01-01,NNEWI,Grassroot Cooperative,100,2500000000,52337260.1,15701178.03
2021-02-01,NNEWI,Grassroot Cooperative,100,2500000000,45842618.19,13752785.46
2021-03-01,NNEWI,Grassroot Cooperative,100,2500000000,45791565.73,13737469.72
2021-04-01,NNEWI,Grassroot Cooperative,100,2500000000,48609510.84,14582853.25
2021-05-01,NNEWI,Grassroot Cooperative,100,2500000000,56545285.08,16963585.52
2021-06-01,NNEWI,Grassroot Cooperative,100,2500000000,46847326.76,14054198.03
2021-07-01,NNEWI,Grassroot Cooperative,100,2500000000,45599828.52,13679948.56
2021-08-01,NNEWI,Grassroot Cooperative,100,2500000000,64584992.52,19375497.76
2021-09-01,NNEWI,Grassroot Cooperative,100,2500000000,55337692.48,16601307.74
2021-10-01,NNEWI,Grassroot Cooperative,100,2500000000,57854750.76,17356425.23
2021-11-01,NNEWI,Grassroot Cooperative,100,2500000000,56500691.63,16950207.49
2021-12-01,NNEWI,Grassroot Cooperative,100,2500000000,50829366.46,15248809.94
2022-01-01,NNEWI,Grassroot Cooperative,100,2500000000,64756104.63,19426831.39
2022-02-01,NNEWI,Grassroot Cooperative,100,2500000000,59598622.14,17879586.64
2022-03-01,NNEWI,Grassroot Cooperative,100,2500000000,54839434.11,16451830.23
2022-04-01,NNEWI,Grassroot Cooperative,100,2500000000,52107820.79,15632346.24
2022-05-01,NNEWI,Grassroot Cooperative,100,2500000000,47531941.84,14259582.55
2022-06-01,NNEWI,Grassroot Cooperative,100,2500000000,55881029.76,16764308.93
2022-07-01,NNEWI,Grassroot Cooperative,100,2500000000,63214384.85,18964315.45
2022-08-01,NNEWI,Grassroot Cooperative,100,2500000000,46554401.32,13966320.4
2022-09-01,NNEWI,Grassroot Cooperative,100,2500000000,51370266.4,15411079.92
2022-10-01,NNEWI,Grassroot Cooperative,100,2500000000,50787876.31,15236362.89
2022-11-01,NNEWI,Grassroot Cooperative,100,2500000000,61490570.65,18447171.2
2022-12-01,NNEWI,Grassroot Cooperative,100,2500000000,60905819.63,18271745.89
2023-01-01,NNEWI,Grassroot Cooperative,100,2500000000,45656661.28,13696998.38
2023-02-01,NNEWI,Grassroot Cooperative,100,2500000000,51181138.81,15354341.64
2023-03-01,NNEWI,Grassroot Cooperative,100,2500000000,61872928.04,18561878.41
2023-04-01,NNEWI,Grassroot Cooperative,100,2500000000,50291894.99,15087568.5
2023-05-01,NNEWI,Grassroot Cooperative,100,2500000000,63575776.18,19072732.85
2023-06-01,NNEWI,Grassroot Cooperative,100,2500000000,54963921.21,16489176.36
2023-07-01,NNEWI,Grassroot Cooperative,100,2500000000,58142179.33,17442653.8
2023-08-01,NNEWI,Grassroot Cooperative,100,2500000000,63558748.21,19067624.46
2023-09-01,NNEWI,Grassroot Cooperative,100,2500000000,64577047.1,19373114.13
2023-10-01,NNEWI,Grassroot Cooperative,100,2500000000,48239362.99,14471808.9
2023-11-01,NNEWI,Grassroot Cooperative,100,2500000000,58064078.59,17419223.58
2023-12-01,NNEWI,Grassroot Cooperative,100,2500000000,50111718.46,15033515.54
2021-01-01,AFIKPO,Grassroot Cooperative,100,2500000000,64065658.16,19219697.45
2021-02-01,AFIKPO,Grassroot Cooperative,100,2500000000,64677218.35,19403165.51
2021-03-01,AFIKPO,Grassroot Cooperative,100,2500000000,51001086.75,15300326.03
2021-04-01,AFIKPO,Grassroot Cooperative,100,2500000000,54057799.21,16217339.76
2021-05-01,AFIKPO,Grassroot Cooperative,100,2500000000,49905504.52,14971651.35
2021-06-01,AFIKPO,Grassroot Cooperative,100,2500000000,62711395.98,18813418.79
2021-07-01,AFIKPO,Grassroot Cooperative,100,2500000000,51652912.0,15495873.6
2021-08-01,AFIKPO,Grassroot Cooperative,100,2500000000,46726313.05,14017893.91
2021-09-01,AFIKPO,Grassroot Cooperative,100,2500000000,55254438.17,16576331.45
2021-10-01,AFIKPO,Grassroot Cooperative,100,2500000000,49832026.88,14949608.06
2021-11-01,AFIKPO,Grassroot Cooperative,100,2500000000,47927095.48,14378128.65
2021-12-01,AFIKPO,Grassroot Cooperative,100,2500000000,45934510.65,13780353.2
2022-01-01,AFIKPO,Grassroot Cooperative,100,2500000000,53245968.38,15973790.52
2022-02-01,AFIKPO,Grassroot Cooperative,100,2500000000,60974072.71,18292221.81
2022-03-01,AFIKPO,Grassroot Cooperative,100,2500000000,58089575.33,17426872.6
2022-04-01,AFIKPO,Grassroot Cooperative,100,2500000000,49638057.19,14891417.16
2022-05-01,AFIKPO,Grassroot Cooperative,100,2500000000,49146374.1,14743912.23
2022-06-01,AFIKPO,Grassroot Cooperative,100,2500000000,64449218.7,19334765.61
2022-07-01,AFIKPO,Grassroot Cooperative,100,2500000000,47538135.1,14261440.53
2022-08-01,AFIKPO,Grassroot Cooperative,100,2500000000,57512711.03,17253813.31
2022-09-01,AFIKPO,Grassroot Cooperative,100,2500000000,59144978.74,17743493.62
2022-10-01,AFIKPO,Grassroot Cooperative,100,2500000000,57081140.73,17124342.22
2022-11-01,AFIKPO,Grassroot Cooperative,100,2500000000,49347954.12,14804386.23
2022-12-01,AFIKPO,Grassroot Cooperative,100,2500000000,64286649.88,19285994.96
2023-01-01,AFIKPO,Grassroot Cooperative,100,2500000000,55321790.05,16596537.02
2023-02-01,AFIKPO,Grassroot Cooperative,100,2500000000,53525856.92,16057757.08
2023-03-01,AFIKPO,Grassroot Cooperative,100,2500000000,46941581.63,14082474.49
2023-04-01,AFIKPO,Grassroot Cooperative,100,2500000000,53494153.79,16048246.14
2023-05-01,AFIKPO,Grassroot Cooperative,100,2500000000,52529133.64,15758740.09
2023-06-01,AFIKPO,Grassroot Cooperative,100,2500000000,58588962.7,17576688.81
2023-07-01,AFIKPO,Grassroot Cooperative,100,2500000000,52334891.49,15700467.45
2023-08-01,AFIKPO,Grassroot Cooperative,100,2500000000,45339128.84,13601738.65
2023-09-01,AFIKPO,Grassroot Cooperative,100,2500000000,59554520.43,17866356.13
2023-10-01,AFIKPO,Grassroot Cooperative,100,2500000000,53255913.39,15976774.02
2023-11-01,AFIKPO,Grassroot Cooperative,100,2500000000,52476114.97,15742834.49
2023-12-01,AFIKPO,Grassroot Cooperative,100,2500000000,62307949.98,18692385.0
2021-01-01,UYO,Grassroot Cooperative,100,2500000000,52018761.96,15605628.59
2021-02-01,UYO,Grassroot Cooperative,100,2500000000,63435493.53,19030648.06
2021-03-01,UYO,Grassroot Cooperative,100,2500000000,56153264.73,16845979.42
2021-04-01,UYO,Grassroot Cooperative,100,2500000000,46240375.12,13872112.54
2021-05-01,UYO,Grassroot Cooperative,100,2500000000,53133846.16,15940153.85
2021-06-01,UYO,Grassroot Cooperative,100,2500000000,54826433.43,16447930.03
2021-07-01,UYO,Grassroot Cooperative,100,2500000000,58775735.7,17632720.71
2021-08-01,UYO,Grassroot Cooperative,100,2500000000,60171823.88,18051547.16
2021-09-01,UYO,Grassroot Cooperative,100,2500000000,57504187.35,17251256.21
2021-10-01,UYO,Grassroot Cooperative,100,2500000000,50505080.47,15151524.14
2021-11-01,UYO,Grassroot Cooperative,100,2500000000,64626762.76,19388028.83
2021-12-01,UYO,Grassroot Cooperative,100,2500000000,47011146.81,14103344.04
2022-01-01,UYO,Grassroot Cooperative,100,2500000000,53655542.36,16096662.71
2022-02-01,UYO,Grassroot Cooperative,100,2500000000,58424531.63,17527359.49
2022-03-01,UYO,Grassroot Cooperative,100,2500000000,61393570.63,18418071.19
2022-04-01,UYO,Grassroot Cooperative,100,2500000000,51516203.88,15454861.16
2022-05-01,UYO,Grassroot Cooperative,100,2500000000,55493828.18,16648148.46
2022-06-01,UYO,Grassroot Cooperative,100,2500000000,55966903.1,16790070.93
2022-07-01,UYO,Grassroot Cooperative,100,2500000000,61148310.72,18344493.22
2022-08-01,UYO,Grassroot Cooperative,100,2500000000,56234973.92,16870492.18
2022-09-01,UYO,Grassroot Cooperative,100,2500000000,63311242.64,18993372.79
2022-10-01,UYO,Grassroot Cooperative,100,2500000000,46880814.43,14064244.33
2022-11-01,UYO,Grassroot Cooperative,100,2500000000,50929267.54,15278780.26
2022-12-01,UYO,Grassroot Cooperative,100,2500000000,63247877.09,18974363.13
2023-01-01,UYO,Grassroot Cooperative,100,2500000000,61029108.76,18308732.63
2023-02-01,UYO,Grassroot Cooperative,100,2500000000,64308084.33,19292425.3
2023-03-01,UYO,Grassroot Cooperative,100,2500000000,57077832.37,17123349.71
2023-04-01,UYO,Grassroot Cooperative,100,2500000000,53280785.67,15984235.7
2023-05-01,UYO,Grassroot Cooperative,100,2500000000,53005751.5,15901725.45
2023-06-01,UYO,Grassroot Cooperative,100,2500000000,46009780.32,13802934.1
2023-07-01,UYO,Grassroot Cooperative,100,2500000000,63700357.49,19110107.25
2023-08-01,UYO,Grassroot Cooperative,100,2500000000,46940618.56,14082185.57
2023-09-01,UYO,Grassroot Cooperative,100,2500000000,63719089.9,19115726.97
2023-10-01,UYO,Grassroot Cooperative,100,2500000000,57549293.1,17264787.93
2023-11-01,UYO,Grassroot Cooperative,100,2500000000,63372394.24,19011718.27
2023-12-01,UYO,Grassroot Cooperative,100,2500000000,50792101.23,15237630.37
2021-01-01,WARRI,Grassroot Cooperative,100,2500000000,60474627.41,18142388.22
2021-02-01,WARRI,Grassroot Cooperative,100,2500000000,64305712.39,19291713.72
2021-03-01,WARRI,Grassroot Cooperative,100,2500000000,50638048.08,15191414.42
2021-04-01,WARRI,Grassroot Cooperative,100,2500000000,59098387.7,17729516.31
2021-05-01,WARRI,Grassroot Cooperative,100,2500000000,49006666.6,14701999.98
2021-06-01,WARRI,Grassroot Cooperative,100,2500000000,46776848.18,14033054.46
2021-07-01,WARRI,Grassroot Cooperative,100,2500000000,62521302.48,18756390.75
2021-08-01,WARRI,Grassroot Cooperative,100,2500000000,50374135.02,15112240.51
2021-09-01,WARRI,Grassroot Cooperative,100,2500000000,56155012.79,16846503.84
2021-10-01,WARRI,Grassroot Cooperative,100,2500000000,53526618.82,16057985.65
2021-11-01,WARRI,Grassroot Cooperative,100,2500000000,45218724.55,13565617.36
2021-12-01,WARRI,Grassroot Cooperative,100,2500000000,45295053.5,13588516.05
2022-01-01,WARRI,Grassroot Cooperative,100,2500000000,61158205.72,18347461.71
2022-02-01,WARRI,Grassroot Cooperative,100,2500000000,58171535.39,17451460.62
2022-03-01,WARRI,Grassroot Cooperative,100,2500000000,54146879.38,16244063.81
2022-04-01,WARRI,Grassroot Cooperative,100,2500000000,54666639.8,16399991.94
2022-05-01,WARRI,Grassroot Cooperative,100,2500000000,51105958.01,15331787.4
2022-06-01,WARRI,Grassroot Cooperative,100,2500000000,60844103.1,18253230.93
2022-07-01,WARRI,Grassroot Cooperative,100,2500000000,48342654.28,14502796.28
2022-08-01,WARRI,Grassroot Cooperative,100,2500000000,63151593.83,18945478.15
2022-09-01,WARRI,Grassroot Cooperative,100,2500000000,64515007.82,19354502.34
2022-10-01,WARRI,Grassroot Cooperative,100,2500000000,48165569.11,14449670.73
2022-11-01,WARRI,Grassroot Cooperative,100,2500000000,51261796.35,15378538.91
2022-12-01,WARRI,Grassroot Cooperative,100,2500000000,51447971.37,15434391.41
2023-01-01,WARRI,Grassroot Cooperative,100,2500000000,50825750.0,15247725.0
2023-02-01,WARRI,Grassroot Cooperative,100,2500000000,49689480.14,14906844.04
2023-03-01,WARRI,Grassroot Cooperative,100,2500000000,60271821.13,18081546.34
2023-04-01,WARRI,Grassroot Cooperative,100,2500000000,54671779.3,16401533.79
2023-05-01,WARRI,Grassroot Cooperative,100,2500000000,63063199.09,18918959.73
2023-06-01,WARRI,Grassroot Cooperative,100,2500000000,64913651.03,19474095.31
2023-07-01,WARRI,Grassroot Cooperative,100,2500000000,49120275.64,14736082.69
2023-08-01,WARRI,Grassroot Cooperative,100,2500000000,56276347.44,16882904.23
2023-09-01,WARRI,Grassroot Cooperative,100,2500000000,52535259.35,15760577.81
2023-10-01,WARRI,Grassroot Cooperative,100,2500000000,45748217.75,13724465.33
2023-11-01,WARRI,Grassroot Cooperative,100,2500000000,56888610.65,17066583.2
2023-12-01,WARRI,Grassroot Cooperative,100,2500000000,59764743.54,17929423.06
2021-01-01,IKOM,Grassroot Cooperative,100,2500000000,26361292.73,7908387.82
2021-02-01,IKOM,Grassroot Cooperative,100,2500000000,24408594.04,7322578.21
2021-03-01,IKOM,Grassroot Cooperative,100,2500000000,24079762.97,7223928.89
2021-04-01,IKOM,Grassroot Cooperative,100,2500000000,30644577.74,9193373.32
2021-05-01,IKOM,Grassroot Cooperative,100,2500000000,32164595.57,9649378.67
2021-06-01,IKOM,Grassroot Cooperative,100,2500000000,22526249.6,6757874.88
2021-07-01,IKOM,Grassroot Cooperative,100,2500000000,31187808.62,9356342.59
2021-08-01,IKOM,Grassroot Cooperative,100,2500000000,27622803.43,8286841.03
2021-09-01,IKOM,Grassroot Cooperative,100,2500000000,24428461.0,7328538.3
2021-10-01,IKOM,Grassroot Cooperative,100,2500000000,24015061.3,7204518.39
2021-11-01,IKOM,Grassroot Cooperative,100,2500000000,23593452.0,7078035.6
2021-12-01,IKOM,Grassroot Cooperative,100,2500000000,26189569.46,7856870.84
2022-01-01,IKOM,Grassroot Cooperative,100,2500000000,25980245.9,7794073.77
2022-02-01,IKOM,Grassroot Cooperative,100,2500000000,30752461.98,9225738.59
2022-03-01,IKOM,Grassroot Cooperative,100,2500000000,31550388.56,9465116.57
2022-04-01,IKOM,Grassroot Cooperative,100,2500000000,28861502.3,8658450.69
2022-05-01,IKOM,Grassroot Cooperative,100,2500000000,23918900.82,7175670.25
2022-06-01,IKOM,Grassroot Cooperative,100,2500000000,24010589.7,7203176.91
2022-07-01,IKOM,Grassroot Cooperative,100,2500000000,27789002.63,8336700.79
2022-08-01,IKOM,Grassroot Cooperative,100,2500000000,27146772.79,8144031.84
2022-09-01,IKOM,Grassroot Cooperative,100,2500000000,32222669.87,9666800.96
2022-10-01,IKOM,Grassroot Cooperative,100,2500000000,26715050.75,8014515.22
2022-11-01,IKOM,Grassroot Cooperative,100,2500000000,25601854.2,7680556.26
2022-12-01,IKOM,Grassroot Cooperative,100,2500000000,24245762.52,7273728.75
2023-01-01,IKOM,Grassroot Cooperative,100,2500000000,32047399.63,9614219.89
2023-02-01,IKOM,Grassroot Cooperative,100,2500000000,29533162.56,8859948.77
2023-03-01,IKOM,Grassroot Cooperative,100,2500000000,28305831.61,8491749.48
2023-04-01,IKOM,Grassroot Cooperative,100,2500000000,31008879.93,9302663.98
2023-05-01,IKOM,Grassroot Cooperative,100,2500000000,23950391.63,7185117.49
2023-06-01,IKOM,Grassroot Cooperative,100,2500000000,30155111.57,9046533.47
2023-07-01,IKOM,Grassroot Cooperative,100,2500000000,27494584.5,8248375.35
2023-08-01,IKOM,Grassroot Cooperative,100,2500000000,31038770.46,9311631.14
2023-09-01,IKOM,Grassroot Cooperative,100,2500000000,31590550.93,9477165.28
2023-10-01,IKOM,Grassroot Cooperative,100,2500000000,23781060.18,7134318.05
2023-11-01,IKOM,Grassroot Cooperative,100,2500000000,23720589.47,7116176.84
2023-12-01,IKOM,Grassroot Cooperative,100,2500000000,25650605.67,7695181.7
2021-01-01,CALABAR BEDWELL,Grassroot Cooperative,100,2500000000,33022234.22,9906670.27
2021-02-01,CALABAR BEDWELL,Grassroot Cooperative,100,2500000000,31847373.92,9554212.18
2021-03-01,CALABAR BEDWELL,Grassroot Cooperative,100,2500000000,36404685.77,10921405.73
2021-04-01,CALABAR BEDWELL,Grassroot Cooperative,100,2500000000,32172760.1,9651828.03
2021-05-01,CALABAR BEDWELL,Grassroot Cooperative,100,2500000000,37930489.02,11379146.71
2021-06-01,CALABAR BEDWELL,Grassroot Cooperative,100,2500000000,37148635.25,11144590.58
2021-07-01,CALABAR BEDWELL,Grassroot Cooperative,100,2500000000,38027989.2,11408396.76
2021-08-01,CALABAR BEDWELL,Grassroot Cooperative,100,2500000000,27875541.53,8362662.46
2021-09-01,CALABAR BEDWELL,Grassroot Cooperative,100,2500000000,32247078.45,9674123.54
2021-10-01,CALABAR BEDWELL,Grassroot Cooperative,100,2500000000,38105739.63,11431721.89
2021-11-01,CALABAR BEDWELL,Grassroot Cooperative,100,2500000000,35510726.0,10653217.8
2021-12-01,CALABAR BEDWELL,Grassroot Cooperative,100,2500000000,31678383.8,9503515.14
2022-01-01,CALABAR BEDWELL,Grassroot Cooperative,100,2500000000,28456229.25,8536868.78
2022-02-01,CALABAR BEDWELL,Grassroot Cooperative,100,2500000000,38498742.68,11549622.81
2022-03-01,CALABAR BEDWELL,Grassroot Cooperative,100,2500000000,32116199.24,9634859.77
2022-04-01,CALABAR BEDWELL,Grassroot Cooperative,100,2500000000,30004413.85,9001324.16
2022-05-01,CALABAR BEDWELL,Grassroot Cooperative,100,2500000000,30663080.91,9198924.27
2022-06-01,CALABAR BEDWELL,Grassroot Cooperative,100,2500000000,27337923.13,8201376.94
2022-07-01,CALABAR BEDWELL,Grassroot Cooperative,100,2500000000,28349946.29,8504983.89
2022-08-01,CALABAR BEDWELL,Grassroot Cooperative,100,2500000000,28503960.35,8551188.1
2022-09-01,CALABAR BEDWELL,Grassroot Cooperative,100,2500000000,28108621.03,8432586.31
2022-10-01,CALABAR BEDWELL,Grassroot Cooperative,100,2500000000,27321776.14,8196532.84
2022-11-01,CALABAR BEDWELL,Grassroot Cooperative,100,2500000000,29296421.23,8788926.37
2022-12-01,CALABAR BEDWELL,Grassroot Cooperative,100,2500000000,33289820.82,9986946.25
2023-01-01,CALABAR BEDWELL,Grassroot Cooperative,100,2500000000,30698146.59,9209443.98
2023-02-01,CALABAR BEDWELL,Grassroot Cooperative,100,2500000000,31539178.77,9461753.63
2023-03-01,CALABAR BEDWELL,Grassroot Cooperative,100,2500000000,31822642.02,9546792.61
2023-04-01,CALABAR BEDWELL,Grassroot Cooperative,100,2500000000,31761552.44,9528465.73
2023-05-01,CALABAR BEDWELL,Grassroot Cooperative,100,2500000000,37992175.77,11397652.73
2023-06-01,CALABAR BEDWELL,Grassroot Cooperative,100,2500000000,27781265.5,8334379.65
2023-07-01,CALABAR BEDWELL,Grassroot Cooperative,100,2500000000,31396360.62,9418908.19
2023-08-01,CALABAR BEDWELL,Grassroot Cooperative,100,2500000000,36702498.95,11010749.69
2023-09-01,CALABAR BEDWELL,Grassroot Cooperative,100,2500000000,32988776.84,9896633.05
2023-10-01,CALABAR BEDWELL,Grassroot Cooperative,100,2500000000,33210494.18,9963148.25
2023-11-01,CALABAR BEDWELL,Grassroot Cooperative,100,2500000000,29621327.19,8886398.16
2023-12-01,CALABAR BEDWELL,Grassroot Cooperative,100,2500000000,28771034.62,8631310.39
2021-01-01,ABA,Grassroot Cooperative,100,2500000000,62631271.91,18789381.57
2021-02-01,ABA,Grassroot Cooperative,100,2500000000,58359537.96,17507861.39
2021-03-01,ABA,Grassroot Cooperative,100,2500000000,46988735.86,14096620.76
2021-04-01,ABA,Grassroot Cooperative,100,2500000000,53226350.86,15967905.26
2021-05-01,ABA,Grassroot Cooperative,100,2500000000,55531558.31,16659467.49
2021-06-01,ABA,Grassroot Cooperative,100,2500000000,56522838.04,16956851.41
2021-07-01,ABA,Grassroot Cooperative,100,2500000000,61133446.97,18340034.09
2021-08-01,ABA,Grassroot Cooperative,100,2500000000,56546556.45,16963966.94
2021-09-01,ABA,Grassroot Cooperative,100,2500000000,56564009.83,16969202.95
2021-10-01,ABA,Grassroot Cooperative,100,2500000000,58258142.06,17477442.62
2021-11-01,ABA,Grassroot Cooperative,100,2500000000,45179744.24,13553923.27
2021-12-01,ABA,Grassroot Cooperative,100,2500000000,58711280.03,17613384.01
2022-01-01,ABA,Grassroot Cooperative,100,2500000000,60182892.19,18054867.66
2022-02-01,ABA,Grassroot Cooperative,100,2500000000,47234090.41,14170227.12
2022-03-01,ABA,Grassroot Cooperative,100,2500000000,53482535.41,16044760.62
2022-04-01,ABA,Grassroot Cooperative,100,2500000000,46044312.11,13813293.63
2022-05-01,ABA,Grassroot Cooperative,100,2500000000,55462838.9,16638851.67
2022-06-01,ABA,Grassroot Cooperative,100,2500000000,53341868.5,16002560.55
2022-07-01,ABA,Grassroot Cooperative,100,2500000000,57804522.77,17341356.83
2022-08-01,ABA,Grassroot Cooperative,100,2500000000,45160363.16,13548108.95
2022-09-01,ABA,Grassroot Cooperative,100,2500000000,63821216.24,19146364.87
2022-10-01,ABA,Grassroot Cooperative,100,2500000000,58234076.23,17470222.87
2022-11-01,ABA,Grassroot Cooperative,100,2500000000,62480209.35,18744062.81
2022-12-01,ABA,Grassroot Cooperative,100,2500000000,54044333.71,16213300.11
2023-01-01,ABA,Grassroot Cooperative,100,2500000000,46943674.01,14083102.2
2023-02-01,ABA,Grassroot Cooperative,100,2500000000,60774301.35,18232290.41
2023-03-01,ABA,Grassroot Cooperative,100,2500000000,46415331.5,13924599.45
2023-04-01,ABA,Grassroot Cooperative,100,2500000000,51148233.88,15344470.16
2023-05-01,ABA,Grassroot Cooperative,100,2500000000,54382549.51,16314764.85
2023-06-01,ABA,Grassroot Cooperative,100,2500000000,58491982.4,17547594.72
2023-07-01,ABA,Grassroot Cooperative,100,2500000000,45370839.51,13611251.85
2023-08-01,ABA,Grassroot Cooperative,100,2500000000,48931575.9,14679472.77
2023-09-01,ABA,Grassroot Cooperative,100,2500000000,52244169.55,15673250.86
2023-10-01,ABA,Grassroot Cooperative,100,2500000000,45209077.82,13562723.34
2023-11-01,ABA,Grassroot Cooperative,100,2500000000,58956763.63,17687029.09
2023-12-01,ABA,Grassroot Cooperative,100,2500000000,60188447.43,18056534.23
2021-01-01,LAGOS (MAZAMAZA),Grassroot Cooperative,100,2500000000,76807423.84,23042227.15
2021-02-01,LAGOS (MAZAMAZA),Grassroot Cooperative,100,2500000000,93599712.74,28079913.82
2021-03-01,LAGOS (MAZAMAZA),Grassroot Cooperative,100,2500000000,66214748.01,19864424.4
2021-04-01,LAGOS (MAZAMAZA),Grassroot Cooperative,100,2500000000,75215584.97,22564675.49
2021-05-01,LAGOS (MAZAMAZA),Grassroot Cooperative,100,2500000000,80749048.05,24224714.42
2021-06-01,LAGOS (MAZAMAZA),Grassroot Cooperative,100,2500000000,76604415.21,22981324.56
2021-07-01,LAGOS (MAZAMAZA),Grassroot Cooperative,100,2500000000,72592062.07,21777618.62
2021-08-01,LAGOS (MAZAMAZA),Grassroot Cooperative,100,2500000000,84111978.54,25233593.56
2021-09-01,LAGOS (MAZAMAZA),Grassroot Cooperative,100,2500000000,71835393.28,21550617.98
2021-10-01,LAGOS (MAZAMAZA),Grassroot Cooperative,100,2500000000,83501264.36,25050379.31
2021-11-01,LAGOS (MAZAMAZA),Grassroot Cooperative,100,2500000000,66661341.19,19998402.36
2021-12-01,LAGOS (MAZAMAZA),Grassroot Cooperative,100,2500000000,87079129.69,26123738.91
2022-01-01,LAGOS (MAZAMAZA),Grassroot Cooperative,100,2500000000,76549006.67,22964702.0
2022-02-01,LAGOS (MAZAMAZA),Grassroot Cooperative,100,2500000000,85214001.6,25564200.48
2022-03-01,LAGOS (MAZAMAZA),Grassroot Cooperative,100,2500000000,81709402.87,24512820.86
2022-04-01,LAGOS (MAZAMAZA),Grassroot Cooperative,100,2500000000,83084164.2,24925249.26
2022-05-01,LAGOS (MAZAMAZA),Grassroot Cooperative,100,2500000000,88705465.72,26611639.72
2022-06-01,LAGOS (MAZAMAZA),Grassroot Cooperative,100,2500000000,78254725.31,23476417.59
2022-07-01,LAGOS (MAZAMAZA),Grassroot Cooperative,100,2500000000,88328167.56,26498450.27
2022-08-01,LAGOS (MAZAMAZA),Grassroot Cooperative,100,2500000000,75017672.01,22505301.6
2022-09-01,LAGOS (MAZAMAZA),Grassroot Cooperative,100,2500000000,82921163.57,24876349.07
2022-10-01,LAGOS (MAZAMAZA),Grassroot Cooperative,100,2500000000,91633893.94,27490168.18
2022-11-01,LAGOS (MAZAMAZA),Grassroot Cooperative,100,2500000000,86959361.46,26087808.44
2022-12-01,LAGOS (MAZAMAZA),Grassroot Cooperative,100,2500000000,92362888.94,27708866.68
2023-01-01,LAGOS (MAZAMAZA),Grassroot Cooperative,100,2500000000,68102338.12,20430701.43
2023-02-01,LAGOS (MAZAMAZA),Grassroot Cooperative,100,2500000000,78753846.43,23626153.93
2023-03-01,LAGOS (MAZAMAZA),Grassroot Cooperative,100,2500000000,76501973.58,22950592.07
2023-04-01,LAGOS (MAZAMAZA),Grassroot Cooperative,100,2500000000,89413884.3,26824165.29
2023-05-01,LAGOS (MAZAMAZA),Grassroot Cooperative,100,2500000000,88476487.17,26542946.15
2023-06-01,LAGOS (MAZAMAZA),Grassroot Cooperative,100,2500000000,92948358.48,27884507.54
2023-07-01,LAGOS (MAZAMAZA),Grassroot Cooperative,100,2500000000,82160758.76,24648227.63
2023-08-01,LAGOS (MAZAMAZA),Grassroot Cooperative,100,2500000000,91446459.76,27433937.93
2023-09-01,LAGOS (MAZAMAZA),Grassroot Cooperative,100,2500000000,80577410.62,24173223.19
2023-10-01,LAGOS (MAZAMAZA),Grassroot Cooperative,100,2500000000,77713417.02,23314025.11
2023-11-01,LAGOS (MAZAMAZA),Grassroot Cooperative,100,2500000000,83181587.02,24954476.11
2023-12-01,LAGOS (MAZAMAZA),Grassroot Cooperative,100,2500000000,92423571.5,27727071.45
2021-01-01,ABUJA (UTAKO),Grassroot Cooperative,100,2500000000,72299285.4,21689785.62
2021-02-01,ABUJA (UTAKO),Grassroot Cooperative,100,2500000000,70449796.41,21134938.92
2021-03-01,ABUJA (UTAKO),Grassroot Cooperative,100,2500000000,61542095.97,18462628.79
2021-04-01,ABUJA (UTAKO),Grassroot Cooperative,100,2500000000,69535650.88,20860695.26
2021-05-01,ABUJA (UTAKO),Grassroot Cooperative,100,2500000000,70764361.27,21229308.38
2021-06-01,ABUJA (UTAKO),Grassroot Cooperative,100,2500000000,74051001.55,22215300.46
2021-07-01,ABUJA (UTAKO),Grassroot Cooperative,100,2500000000,64600179.55,19380053.87
2021-08-01,ABUJA (UTAKO),Grassroot Cooperative,100,2500000000,82161695.35,24648508.6
2021-09-01,ABUJA (UTAKO),Grassroot Cooperative,100,2500000000,79886948.91,23966084.67
2021-10-01,ABUJA (UTAKO),Grassroot Cooperative,100,2500000000,65113313.79,19533994.14
2021-11-01,ABUJA (UTAKO),Grassroot Cooperative,100,2500000000,81987969.46,24596390.84
2021-12-01,ABUJA (UTAKO),Grassroot Cooperative,100,2500000000,66331269.07,19899380.72
2022-01-01,ABUJA (UTAKO),Grassroot Cooperative,100,2500000000,64097782.29,19229334.69
2022-02-01,ABUJA (UTAKO),Grassroot Cooperative,100,2500000000,77749325.49,23324797.65
2022-03-01,ABUJA (UTAKO),Grassroot Cooperative,100,2500000000,62432614.06,18729784.22
2022-04-01,ABUJA (UTAKO),Grassroot Cooperative,100,2500000000,63863457.06,19159037.12
2022-05-01,ABUJA (UTAKO),Grassroot Cooperative,100,2500000000,75936847.49,22781054.25
2022-06-01,ABUJA (UTAKO),Grassroot Cooperative,100,2500000000,85865296.25,25759588.87
2022-07-01,ABUJA (UTAKO),Grassroot Cooperative,100,2500000000,81100998.15,24330299.45
2022-08-01,ABUJA (UTAKO),Grassroot Cooperative,100,2500000000,69368632.08,20810589.62
2022-09-01,ABUJA (UTAKO),Grassroot Cooperative,100,2500000000,70285605.0,21085681.5
2022-10-01,ABUJA (UTAKO),Grassroot Cooperative,100,2500000000,66280809.74,19884242.92
2022-11-01,ABUJA (UTAKO),Grassroot Cooperative,100,2500000000,65504829.44,19651448.83
2022-12-01,ABUJA (UTAKO),Grassroot Cooperative,100,2500000000,77675541.17,23302662.35
2023-01-01,ABUJA (UTAKO),Grassroot Cooperative,100,2500000000,62938035.34,18881410.6
2023-02-01,ABUJA (UTAKO),Grassroot Cooperative,100,2500000000,69418422.66,20825526.8
2023-03-01,ABUJA (UTAKO),Grassroot Cooperative,100,2500000000,82321675.73,24696502.72
2023-04-01,ABUJA (UTAKO),Grassroot Cooperative,100,2500000000,84505274.36,25351582.31
2023-05-01,ABUJA (UTAKO),Grassroot Cooperative,100,2500000000,83016477.27,24904943.18
2023-06-01,ABUJA (UTAKO),Grassroot Cooperative,100,2500000000,84071926.43,25221577.93
2023-07-01,ABUJA (UTAKO),Grassroot Cooperative,100,2500000000,71319606.18,21395881.85
2023-08-01,ABUJA (UTAKO),Grassroot Cooperative,100,2500000000,75446270.47,22633881.14
2023-09-01,ABUJA (UTAKO),Grassroot Cooperative,100,2500000000,69717158.73,20915147.62
2023-10-01,ABUJA (UTAKO),Grassroot Cooperative,100,2500000000,67060009.58,20118002.88
2023-11-01,ABUJA (UTAKO),Grassroot Cooperative,100,2500000000,66439774.97,19931932.49
2023-12-01,ABUJA (UTAKO),Grassroot Cooperative,100,2500000000,81744564.36,24523369.31
2021-01-01,PHC,Grassroot Cooperative,100,2500000000,73789048.18,22136714.45
2021-02-01,PHC,Grassroot Cooperative,100,2500000000,79992176.94,23997653.08
2021-03-01,PHC,Grassroot Cooperative,100,2500000000,73190379.48,21957113.84
2021-04-01,PHC,Grassroot Cooperative,100,2500000000,84152555.19,25245766.56
2021-05-01,PHC,Grassroot Cooperative,100,2500000000,67040429.63,20112128.89
2021-06-01,PHC,Grassroot Cooperative,100,2500000000,71680944.91,21504283.47
2021-07-01,PHC,Grassroot Cooperative,100,2500000000,61475825.02,18442747.51
2021-08-01,PHC,Grassroot Cooperative,100,2500000000,66197892.27,19859367.68
2021-09-01,PHC,Grassroot Cooperative,100,2500000000,61866898.39,18560069.52
2021-10-01,PHC,Grassroot Cooperative,100,2500000000,71263512.17,21379053.65
2021-11-01,PHC,Grassroot Cooperative,100,2500000000,62102963.79,18630889.14
2021-12-01,PHC,Grassroot Cooperative,100,2500000000,67001765.47,20100529.64
2022-01-01,PHC,Grassroot Cooperative,100,2500000000,85908105.39,25772431.62
2022-02-01,PHC,Grassroot Cooperative,100,2500000000,67636378.34,20290913.5
2022-03-01,PHC,Grassroot Cooperative,100,2500000000,83994735.94,25198420.78
2022-04-01,PHC,Grassroot Cooperative,100,2500000000,68381519.02,20514455.71
2022-05-01,PHC,Grassroot Cooperative,100,2500000000,82270514.76,24681154.43
2022-06-01,PHC,Grassroot Cooperative,100,2500000000,77572773.85,23271832.16
2022-07-01,PHC,Grassroot Cooperative,100,2500000000,79917232.35,23975169.71
2022-08-01,PHC,Grassroot Cooperative,100,2500000000,67605997.99,20281799.4
2022-09-01,PHC,Grassroot Cooperative,100,2500000000,71051396.83,21315419.05
2022-10-01,PHC,Grassroot Cooperative,100,2500000000,62883851.46,18865155.44
2022-11-01,PHC,Grassroot Cooperative,100,2500000000,68179361.45,20453808.43
2022-12-01,PHC,Grassroot Cooperative,100,2500000000,61726618.03,18517985.41
2023-01-01,PHC,Grassroot Cooperative,100,2500000000,81494454.98,24448336.49
2023-02-01,PHC,Grassroot Cooperative,100,2500000000,76139647.46,22841894.24
2023-03-01,PHC,Grassroot Cooperative,100,2500000000,83708100.47,25112430.14
2023-04-01,PHC,Grassroot Cooperative,100,2500000000,67340606.25,20202181.87
2023-05-01,PHC,Grassroot Cooperative,100,2500000000,83393767.31,25018130.19
2023-06-01,PHC,Grassroot Cooperative,100,2500000000,80623993.32,24187198.0
2023-07-01,PHC,Grassroot Cooperative,100,2500000000,70306824.53,21092047.36
2023-08-01,PHC,Grassroot Cooperative,100,2500000000,83884889.43,25165466.83
2023-09-01,PHC,Grassroot Cooperative,100,2500000000,78540730.87,23562219.26
2023-10-01,PHC,Grassroot Cooperative,100,2500000000,73369697.57,22010909.27
2023-11-01,PHC,Grassroot Cooperative,100,2500000000,69296282.17,20788884.65
2023-12-01,PHC,Grassroot Cooperative,100,2500000000,77827323.67,23348197.1
2021-01-01,KADUNA,Grassroot Cooperative,100,2500000000,51280794.08,15384238.22
2021-02-01,KADUNA,Grassroot Cooperative,100,2500000000,53832993.52,16149898.06
2021-03-01,KADUNA,Grassroot Cooperative,100,2500000000,58514502.2,17554350.66
2021-04-01,KADUNA,Grassroot Cooperative,100,2500000000,51936560.72,15580968.22
2021-05-01,KADUNA,Grassroot Cooperative,100,2500000000,51792014.83,15537604.45
2021-06-01,KADUNA,Grassroot Cooperative,100,2500000000,49963195.47,14988958.64
2021-07-01,KADUNA,Grassroot Cooperative,100,2500000000,57607738.18,17282321.45
2021-08-01,KADUNA,Grassroot Cooperative,100,2500000000,63386955.69,19016086.71
2021-09-01,KADUNA,Grassroot Cooperative,100,2500000000,62731407.59,18819422.28
2021-10-01,KADUNA,Grassroot Cooperative,100,2500000000,54672751.17,16401825.35
2021-11-01,KADUNA,Grassroot Cooperative,100,2500000000,58951853.55,17685556.07
2021-12-01,KADUNA,Grassroot Cooperative,100,2500000000,49077991.33,14723397.4
2022-01-01,KADUNA,Grassroot Cooperative,100,2500000000,57037712.62,17111313.79
2022-02-01,KADUNA,Grassroot Cooperative,100,2500000000,62173883.84,18652165.15
2022-03-01,KADUNA,Grassroot Cooperative,100,2500000000,57695324.77,17308597.43
2022-04-01,KADUNA,Grassroot Cooperative,100,2500000000,50169493.21,15050847.96
2022-05-01,KADUNA,Grassroot Cooperative,100,2500000000,47002433.79,14100730.14
2022-06-01,KADUNA,Grassroot Cooperative,100,2500000000,57235323.64,17170597.09
2022-07-01,KADUNA,Grassroot Cooperative,100,2500000000,61412790.5,18423837.15
2022-08-01,KADUNA,Grassroot Cooperative,100,2500000000,46115850.24,13834755.07
2022-09-01,KADUNA,Grassroot Cooperative,100,2500000000,55140580.43,16542174.13
2022-10-01,KADUNA,Grassroot Cooperative,100,2500000000,47400259.06,14220077.72
2022-11-01,KADUNA,Grassroot Cooperative,100,2500000000,54595365.1,16378609.53
2022-12-01,KADUNA,Grassroot Cooperative,100,2500000000,55970324.57,16791097.37
2023-01-01,KADUNA,Grassroot Cooperative,100,2500000000,57318865.45,17195659.64
2023-02-01,KADUNA,Grassroot Cooperative,100,2500000000,48380422.42,14514126.73
2023-03-01,KADUNA,Grassroot Cooperative,100,2500000000,63108769.71,18932630.91
2023-04-01,KADUNA,Grassroot Cooperative,100,2500000000,50040169.58,15012050.87
2023-05-01,KADUNA,Grassroot Cooperative,100,2500000000,46366766.43,13910029.93
2023-06-01,KADUNA,Grassroot Cooperative,100,2500000000,50450412.46,15135123.74
2023-07-01,KADUNA,Grassroot Cooperative,100,2500000000,63548616.55,19064584.96
2023-08-01,KADUNA,Grassroot Cooperative,100,2500000000,61303043.6,18390913.08
2023-09-01,KADUNA,Grassroot Cooperative,100,2500000000,45558518.23,13667555.47
2023-10-01,KADUNA,Grassroot Cooperative,100,2500000000,64343626.58,19303087.97
2023-11-01,KADUNA,Grassroot Cooperative,100,2500000000,56658944.57,16997683.37
2023-12-01,KADUNA,Grassroot Cooperative,100,2500000000,48614033.05,14584209.92
2021-01-01,KANO,Grassroot Cooperative,100,2500000000,51034620.68,15310386.2
2021-02-01,KANO,Grassroot Cooperative,100,2500000000,48711538.7,14613461.61
2021-03-01,KANO,Grassroot Cooperative,100,2500000000,58899676.86,17669903.06
2021-04-01,KANO,Grassroot Cooperative,100,2500000000,53538652.83,16061595.85
2021-05-01,KANO,Grassroot Cooperative,100,2500000000,62093735.43,18628120.63
2021-06-01,KANO,Grassroot Cooperative,100,2500000000,60640238.97,18192071.69
2021-07-01,KANO,Grassroot Cooperative,100,2500000000,46022754.06,13806826.22
2021-08-01,KANO,Grassroot Cooperative,100,2500000000,60687326.21,18206197.86
2021-09-01,KANO,Grassroot Cooperative,100,2500000000,53735380.24,16120614.07
2021-10-01,KANO,Grassroot Cooperative,100,2500000000,58645831.13,17593749.34
2021-11-01,KANO,Grassroot Cooperative,100,2500000000,50400355.22,15120106.56
2021-12-01,KANO,Grassroot Cooperative,100,2500000000,61046123.07,18313836.92
2022-01-01,KANO,Grassroot Cooperative,100,2500000000,47895205.67,14368561.7
2022-02-01,KANO,Grassroot Cooperative,100,2500000000,53559821.41,16067946.42
2022-03-01,KANO,Grassroot Cooperative,100,2500000000,62963035.19,18888910.56
2022-04-01,KANO,Grassroot Cooperative,100,2500000000,50356643.84,15106993.15
2022-05-01,KANO,Grassroot Cooperative,100,2500000000,62177030.33,18653109.1
2022-06-01,KANO,Grassroot Cooperative,100,2500000000,47932925.64,14379877.69
2022-07-01,KANO,Grassroot Cooperative,100,2500000000,47520118.34,14256035.5
2022-08-01,KANO,Grassroot Cooperative,100,2500000000,62697864.5,18809359.35
2022-09-01,KANO,Grassroot Cooperative,100,2500000000,49750304.59,14925091.38
2022-10-01,KANO,Grassroot Cooperative,100,2500000000,52395201.54,15718560.46
2022-11-01,KANO,Grassroot Cooperative,100,2500000000,64964731.25,19489419.38
2022-12-01,KANO,Grassroot Cooperative,100,2500000000,45477994.68,13643398.4
2023-01-01,KANO,Grassroot Cooperative,100,2500000000,60023014.22,18006904.27
2023-02-01,KANO,Grassroot Cooperative,100,2500000000,64239354.86,19271806.46
2023-03-01,KANO,Grassroot Cooperative,100,2500000000,49776485.07,14932945.52
2023-04-01,KANO,Grassroot Cooperative,100,2500000000,59480688.73,17844206.62
2023-05-01,KANO,Grassroot Cooperative,100,2500000000,51579876.06,15473962.82
2023-06-01,KANO,Grassroot Cooperative,100,2500000000,61384768.87,18415430.66
2023-07-01,KANO,Grassroot Cooperative,100,2500000000,49574797.97,14872439.39
2023-08-01,KANO,Grassroot Cooperative,100,2500000000,55161906.33,16548571.9
2023-09-01,KANO,Grassroot Cooperative,100,2500000000,45410105.11,13623031.53
2023-10-01,KANO,Grassroot Cooperative,100,2500000000,61112933.02,18333879.9
2023-11-01,KANO,Grassroot Cooperative,100,2500000000,46240673.27,13872201.98
2023-12-01,KANO,Grassroot Cooperative,100,2500000000,63171284.61,18951385.38
2021-01-01,IBADAN,Grassroot Cooperative,100,2500000000,56420112.16,16926033.65
2021-02-01,IBADAN,Grassroot Cooperative,100,2500000000,48845490.7,14653647.21
2021-03-01,IBADAN,Grassroot Cooperative,100,2500000000,51921328.45,15576398.53
2021-04-01,IBADAN,Grassroot Cooperative,100,2500000000,47398080.68,14219424.2
2021-05-01,IBADAN,Grassroot Cooperative,100,2500000000,47063944.35,14119183.31
2021-06-01,IBADAN,Grassroot Cooperative,100,2500000000,63007461.01,18902238.3
2021-07-01,IBADAN,Grassroot Cooperative,100,2500000000,63234309.29,18970292.79
2021-08-01,IBADAN,Grassroot Cooperative,100,2500000000,46861589.75,14058476.92
2021-09-01,IBADAN,Grassroot Cooperative,100,2500000000,64720935.21,19416280.56
2021-10-01,IBADAN,Grassroot Cooperative,100,2500000000,45401121.54,13620336.46
2021-11-01,IBADAN,Grassroot Cooperative,100,2500000000,53807141.43,16142142.43
2021-12-01,IBADAN,Grassroot Cooperative,100,2500000000,59915223.38,17974567.01
2022-01-01,IBADAN,Grassroot Cooperative,100,2500000000,61780845.86,18534253.76
2022-02-01,IBADAN,Grassroot Cooperative,100,2500000000,59725460.84,17917638.25
2022-03-01,IBADAN,Grassroot Cooperative,100,2500000000,55174005.32,16552201.59
2022-04-01,IBADAN,Grassroot Cooperative,100,2500000000,54261331.92,16278399.57
2022-05-01,IBADAN,Grassroot Cooperative,100,2500000000,60877601.42,18263280.43
2022-06-01,IBADAN,Grassroot Cooperative,100,2500000000,51881933.17,15564579.95
2022-07-01,IBADAN,Grassroot Cooperative,100,2500000000,52681957.6,15804587.28
2022-08-01,IBADAN,Grassroot Cooperative,100,2500000000,54871121.97,16461336.59
2022-09-01,IBADAN,Grassroot Cooperative,100,2500000000,54825953.88,16447786.16
2022-10-01,IBADAN,Grassroot Cooperative,100,2500000000,49386584.66,14815975.4
2022-11-01,IBADAN,Grassroot Cooperative,100,2500000000,60815886.42,18244765.93
2022-12-01,IBADAN,Grassroot Cooperative,100,2500000000,57517543.98,17255263.19
2023-01-01,IBADAN,Grassroot Cooperative,100,2500000000,48547813.21,14564343.96
2023-02-01,IBADAN,Grassroot Cooperative,100,2500000000,54812519.01,16443755.7
2023-03-01,IBADAN,Grassroot Cooperative,100,2500000000,46467598.62,13940279.59
2023-04-01,IBADAN,Grassroot Cooperative,100,2500000000,62720668.49,18816200.55
2023-05-01,IBADAN,Grassroot Cooperative,100,2500000000,46004975.55,13801492.67
2023-06-01,IBADAN,Grassroot Cooperative,100,2500000000,63145592.86,18943677.86
2023-07-01,IBADAN,Grassroot Cooperative,100,2500000000,57375802.65,17212740.79
2023-08-01,IBADAN,Grassroot Cooperative,100,2500000000,47211558.68,14163467.61
2023-09-01,IBADAN,Grassroot Cooperative,100,2500000000,50645731.03,15193719.31
2023-10-01,IBADAN,Grassroot Cooperative,100,2500000000,58707639.08,17612291.72
2023-11-01,IBADAN,Grassroot Cooperative,100,2500000000,59310630.92,17793189.28
2023-12-01,IBADAN,Grassroot Cooperative,100,2500000000,45470571.74,13641171.52
2021-01-01,JOS,Grassroot Cooperative,100,2500000000,31824116.16,9547234.85
2021-02-01,JOS,Grassroot Cooperative,100,2500000000,23463291.98,7038987.59
2021-03-01,JOS,Grassroot Cooperative,100,2500000000,32216910.69,9665073.21
2021-04-01,JOS,Grassroot Cooperative,100,2500000000,31931925.44,9579577.63
2021-05-01,JOS,Grassroot Cooperative,100,2500000000,28950468.03,8685140.41
2021-06-01,JOS,Grassroot Cooperative,100,2500000000,23290103.25,6987030.97
2021-07-01,JOS,Grassroot Cooperative,100,2500000000,22650717.38,6795215.21
2021-08-01,JOS,Grassroot Cooperative,100,2500000000,31144201.31,9343260.39
2021-09-01,JOS,Grassroot Cooperative,100,2500000000,26594698.58,7978409.57
2021-10-01,JOS,Grassroot Cooperative,100,2500000000,27533226.74,8259968.02
2021-11-01,JOS,Grassroot Cooperative,100,2500000000,30032203.52,9009661.06
2021-12-01,JOS,Grassroot Cooperative,100,2500000000,31897557.46,9569267.24
2022-01-01,JOS,Grassroot Cooperative,100,2500000000,27762096.83,8328629.05
2022-02-01,JOS,Grassroot Cooperative,100,2500000000,25747335.67,7724200.7
2022-03-01,JOS,Grassroot Cooperative,100,2500000000,27695692.28,8308707.69
2022-04-01,JOS,Grassroot Cooperative,100,2500000000,30218028.84,9065408.65
2022-05-01,JOS,Grassroot Cooperative,100,2500000000,24580372.13,7374111.64
2022-06-01,JOS,Grassroot Cooperative,100,2500000000,29402178.45,8820653.54
2022-07-01,JOS,Grassroot Cooperative,100,2500000000,28968899.91,8690669.97
2022-08-01,JOS,Grassroot Cooperative,100,2500000000,23664342.09,7099302.63
2022-09-01,JOS,Grassroot Cooperative,100,2500000000,29406216.22,8821864.86
2022-10-01,JOS,Grassroot Cooperative,100,2500000000,31494811.18,9448443.36
2022-11-01,JOS,Grassroot Cooperative,100,2500000000,28384860.16,8515458.05
2022-12-01,JOS,Grassroot Cooperative,100,2500000000,32068150.22,9620445.07
2023-01-01,JOS,Grassroot Cooperative,100,2500000000,30414684.09,9124405.23
2023-02-01,JOS,Grassroot Cooperative,100,2500000000,29438447.18,8831534.15
2023-03-01,JOS,Grassroot Cooperative,100,2500000000,26310359.1,7893107.73
2023-04-01,JOS,Grassroot Cooperative,100,2500000000,26227713.48,7868314.04
2023-05-01,JOS,Grassroot Cooperative,100,2500000000,31582887.52,9474866.26
2023-06-01,JOS,Grassroot Cooperative,100,2500000000,29062452.75,8718735.83
2023-07-01,JOS,Grassroot Cooperative,100,2500000000,27015544.16,8104663.25
2023-08-01,JOS,Grassroot Cooperative,100,2500000000,31515533.59,9454660.08
2023-09-01,JOS,Grassroot Cooperative,100,2500000000,26658010.97,7997403.29
2023-10-01,JOS,Grassroot Cooperative,100,2500000000,32264324.94,9679297.48
2023-11-01,JOS,Grassroot Cooperative,100,2500000000,23403535.24,7021060.57
2023-12-01,JOS,Grassroot Cooperative,100,2500000000,23351869.49,7005560.85
2021-01-01,MAKURDI,Grassroot Cooperative,100,2500000000,46224524.0,13867357.2
2021-02-01,MAKURDI,Grassroot Cooperative,100,2500000000,55096944.67,16529083.4
2021-03-01,MAKURDI,Grassroot Cooperative,100,2500000000,50269609.5,15080882.85
2021-04-01,MAKURDI,Grassroot Cooperative,100,2500000000,55044688.34,16513406.5
2021-05-01,MAKURDI,Grassroot Cooperative,100,2500000000,53243549.29,15973064.79
2021-06-01,MAKURDI,Grassroot Cooperative,100,2500000000,49308821.63,14792646.49
2021-07-01,MAKURDI,Grassroot Cooperative,100,2500000000,55202209.66,16560662.9
2021-08-01,MAKURDI,Grassroot Cooperative,100,2500000000,61577246.2,18473173.86
2021-09-01,MAKURDI,Grassroot Cooperative,100,2500000000,61554342.48,18466302.75
2021-10-01,MAKURDI,Grassroot Cooperative,100,2500000000,52074801.42,15622440.43
2021-11-01,MAKURDI,Grassroot Cooperative,100,2500000000,57289297.73,17186789.32
2021-12-01,MAKURDI,Grassroot Cooperative,100,2500000000,46868847.93,14060654.38
2022-01-01,MAKURDI,Grassroot Cooperative,100,2500000000,47645646.53,14293693.96
2022-02-01,MAKURDI,Grassroot Cooperative,100,2500000000,53537055.96,16061116.79
2022-03-01,MAKURDI,Grassroot Cooperative,100,2500000000,59852134.18,17955640.26
2022-04-01,MAKURDI,Grassroot Cooperative,100,2500000000,48919412.13,14675823.64
2022-05-01,MAKURDI,Grassroot Cooperative,100,2500000000,56388911.37,16916673.41
2022-06-01,MAKURDI,Grassroot Cooperative,100,2500000000,61838015.37,18551404.61
2022-07-01,MAKURDI,Grassroot Cooperative,100,2500000000,47138310.74,14141493.22
2022-08-01,MAKURDI,Grassroot Cooperative,100,2500000000,45519655.29,13655896.59
2022-09-01,MAKURDI,Grassroot Cooperative,100,2500000000,48053394.59,14416018.38
2022-10-01,MAKURDI,Grassroot Cooperative,100,2500000000,57558707.27,17267612.18
2022-11-01,MAKURDI,Grassroot Cooperative,100,2500000000,45557901.0,13667370.3
2022-12-01,MAKURDI,Grassroot Cooperative,100,2500000000,61327874.44,18398362.33
2023-01-01,MAKURDI,Grassroot Cooperative,100,2500000000,59016807.96,17705042.39
2023-02-01,MAKURDI,Grassroot Cooperative,100,2500000000,47142324.25,14142697.28
2023-03-01,MAKURDI,Grassroot Cooperative,100,2500000000,58849104.21,17654731.26
2023-04-01,MAKURDI,Grassroot Cooperative,100,2500000000,63914202.78,19174260.83
2023-05-01,MAKURDI,Grassroot Cooperative,100,2500000000,54379660.91,16313898.27
2023-06-01,MAKURDI,Grassroot Cooperative,100,2500000000,50618113.63,15185434.09
2023-07-01,MAKURDI,Grassroot Cooperative,100,2500000000,58846185.45,17653855.64
2023-08-01,MAKURDI,Grassroot Cooperative,100,2500000000,64830948.92,19449284.68
2023-09-01,MAKURDI,Grassroot Cooperative,100,2500000000,58139602.8,17441880.84
2023-10-01,MAKURDI,Grassroot Cooperative,100,2500000000,49854395.47,14956318.64
2023-11-01,MAKURDI,Grassroot Cooperative,100,2500000000,52691665.16,15807499.55
2023-12-01,MAKURDI,Grassroot Cooperative,100,2500000000,51760271.1,15528081.33
2021-01-01,BAUCHI,Grassroot Cooperative,100,2500000000,52720242.47,15816072.74
2021-02-01,BAUCHI,Grassroot Cooperative,100,2500000000,49058695.83,14717608.75
2021-03-01,BAUCHI,Grassroot Cooperative,100,2500000000,64989321.64,19496796.49
2021-04-01,BAUCHI,Grassroot Cooperative,100,2500000000,49967299.95,14990189.98
2021-05-01,BAUCHI,Grassroot Cooperative,100,2500000000,50056393.42,15016918.03
2021-06-01,BAUCHI,Grassroot Cooperative,100,2500000000,48654692.04,14596407.61
2021-07-01,BAUCHI,Grassroot Cooperative,100,2500000000,52059259.89,15617777.97
2021-08-01,BAUCHI,Grassroot Cooperative,100,2500000000,55143094.51,16542928.35
2021-09-01,BAUCHI,Grassroot Cooperative,100,2500000000,59024212.29,17707263.69
2021-10-01,BAUCHI,Grassroot Cooperative,100,2500000000,64369552.92,19310865.87
2021-11-01,BAUCHI,Grassroot Cooperative,100,2500000000,49486758.35,14846027.5
2021-12-01,BAUCHI,Grassroot Cooperative,100,2500000000,60455481.1,18136644.33
2022-01-01,BAUCHI,Grassroot Cooperative,100,2500000000,59106355.08,17731906.52
2022-02-01,BAUCHI,Grassroot Cooperative,100,2500000000,54864091.83,16459227.55
2022-03-01,BAUCHI,Grassroot Cooperative,100,2500000000,51533293.59,15459988.08
2022-04-01,BAUCHI,Grassroot Cooperative,100,2500000000,48273420.65,14482026.19
2022-05-01,BAUCHI,Grassroot Cooperative,100,2500000000,47128691.54,14138607.46
2022-06-01,BAUCHI,Grassroot Cooperative,100,2500000000,62046001.54,18613800.46
2022-07-01,BAUCHI,Grassroot Cooperative,100,2500000000,54188488.63,16256546.59
2022-08-01,BAUCHI,Grassroot Cooperative,100,2500000000,57320921.38,17196276.41
2022-09-01,BAUCHI,Grassroot Cooperative,100,2500000000,51199473.33,15359842.0
2022-10-01,BAUCHI,Grassroot Cooperative,100,2500000000,50061343.69,15018403.11
2022-11-01,BAUCHI,Grassroot Cooperative,100,2500000000,59698311.71,17909493.51
2022-12-01,BAUCHI,Grassroot Cooperative,100,2500000000,54516351.55,16354905.47
2023-01-01,BAUCHI,Grassroot Cooperative,100,2500000000,58201351.79,17460405.54
2023-02-01,BAUCHI,Grassroot Cooperative,100,2500000000,58111492.98,17433447.89
2023-03-01,BAUCHI,Grassroot Cooperative,100,2500000000,64547636.21,19364290.86
2023-04-01,BAUCHI,Grassroot Cooperative,100,2500000000,62191583.64,18657475.09
2023-05-01,BAUCHI,Grassroot Cooperative,100,2500000000,58144530.34,17443359.1
2023-06-01,BAUCHI,Grassroot Cooperative,100,2500000000,45166808.42,13550042.53
2023-07-01,BAUCHI,Grassroot Cooperative,100,2500000000,50375935.92,15112780.78
2023-08-01,BAUCHI,Grassroot Cooperative,100,2500000000,47618820.04,14285646.01
2023-09-01,BAUCHI,Grassroot Cooperative,100,2500000000,49758978.08,14927693.42
2023-10-01,BAUCHI,Grassroot Cooperative,100,2500000000,64564727.16,19369418.15
2023-11-01,BAUCHI,Grassroot Cooperative,100,2500000000,55541084.84,16662325.45
2023-12-01,BAUCHI,Grassroot Cooperative,100,2500000000,63029979.06,18908993.72
2021-01-01,AKURE,Grassroot Cooperative,100,2500000000,64700303.03,19410090.91
2021-02-01,AKURE,Grassroot Cooperative,100,2500000000,59277223.34,17783167.0
2021-03-01,AKURE,Grassroot Cooperative,100,2500000000,57295421.11,17188626.33
2021-04-01,AKURE,Grassroot Cooperative,100,2500000000,45021701.1,13506510.33
2021-05-01,AKURE,Grassroot Cooperative,100,2500000000,61005798.98,18301739.69
2021-06-01,AKURE,Grassroot Cooperative,100,2500000000,48107170.02,14432151.01
2021-07-01,AKURE,Grassroot Cooperative,100,2500000000,57383100.7,17214930.21
2021-08-01,AKURE,Grassroot Cooperative,100,2500000000,53557700.49,16067310.15
2021-09-01,AKURE,Grassroot Cooperative,100,2500000000,53980462.1,16194138.63
2021-10-01,AKURE,Grassroot Cooperative,100,2500000000,50841637.86,15252491.36
2021-11-01,AKURE,Grassroot Cooperative,100,2500000000,48322331.77,14496699.53
2021-12-01,AKURE,Grassroot Cooperative,100,2500000000,58541189.12,17562356.73
2022-01-01,AKURE,Grassroot Cooperative,100,2500000000,64735956.36,19420786.91
2022-02-01,AKURE,Grassroot Cooperative,100,2500000000,53908129.88,16172438.96
2022-03-01,AKURE,Grassroot Cooperative,100,2500000000,57766368.18,17329910.45
2022-04-01,AKURE,Grassroot Cooperative,100,2500000000,61740714.27,18522214.28
2022-05-01,AKURE,Grassroot Cooperative,100,2500000000,56630938.65,16989281.59
2022-06-01,AKURE,Grassroot Cooperative,100,2500000000,54389042.36,16316712.71
2022-07-01,AKURE,Grassroot Cooperative,100,2500000000,52088283.56,15626485.07
2022-08-01,AKURE,Grassroot Cooperative,100,2500000000,47110209.6,14133062.88
2022-09-01,AKURE,Grassroot Cooperative,100,2500000000,57877679.36,17363303.81
2022-10-01,AKURE,Grassroot Cooperative,100,2500000000,63215099.08,18964529.73
2022-11-01,AKURE,Grassroot Cooperative,100,2500000000,56223524.64,16867057.39
2022-12-01,AKURE,Grassroot Cooperative,100,2500000000,63733334.92,19120000.47
2023-01-01,AKURE,Grassroot Cooperative,100,2500000000,59459894.81,17837968.44
2023-02-01,AKURE,Grassroot Cooperative,100,2500000000,50485969.21,15145790.76
2023-03-01,AKURE,Grassroot Cooperative,100,2500000000,64117370.72,19235211.22
2023-04-01,AKURE,Grassroot Cooperative,100,2500000000,46540671.79,13962201.54
2023-05-01,AKURE,Grassroot Cooperative,100,2500000000,54762380.47,16428714.14
2023-06-01,AKURE,Grassroot Cooperative,100,2500000000,56451623.06,16935486.92
2023-07-01,AKURE,Grassroot Cooperative,100,2500000000,50871015.41,15261304.62
2023-08-01,AKURE,Grassroot Cooperative,100,2500000000,48807160.58,14642148.17
2023-09-01,AKURE,Grassroot Cooperative,100,2500000000,62927858.22,18878357.47
2023-10-01,AKURE,Grassroot Cooperative,100,2500000000,56901738.79,17070521.64
2023-11-01,AKURE,Grassroot Cooperative,100,2500000000,54975202.5,16492560.75
2023-12-01,AKURE,Grassroot Cooperative,100,2500000000,60223039.18,18066911.75
2021-01-01,ONITSHA UPPER IWEKA,Grassroot Cooperative,100,2500000000,63914958.99,19174487.7
2021-02-01,ONITSHA UPPER IWEKA,Grassroot Cooperative,100,2500000000,57207649.12,17162294.74
2021-03-01,ONITSHA UPPER IWEKA,Grassroot Cooperative,100,2500000000,55189632.97,16556889.89
2021-04-01,ONITSHA UPPER IWEKA,Grassroot Cooperative,100,2500000000,46794165.3,14038249.59
2021-05-01,ONITSHA UPPER IWEKA,Grassroot Cooperative,100,2500000000,47189479.09,14156843.73
2021-06-01,ONITSHA UPPER IWEKA,Grassroot Cooperative,100,2500000000,50659476.52,15197842.96
2021-07-01,ONITSHA UPPER IWEKA,Grassroot Cooperative,100,2500000000,63382105.02,19014631.51
2021-08-01,ONITSHA UPPER IWEKA,Grassroot Cooperative,100,2500000000,54440083.75,16332025.12
2021-09-01,ONITSHA UPPER IWEKA,Grassroot Cooperative,100,2500000000,56120597.67,16836179.3
2021-10-01,ONITSHA UPPER IWEKA,Grassroot Cooperative,100,2500000000,53604531.27,16081359.38
2021-11-01,ONITSHA UPPER IWEKA,Grassroot Cooperative,100,2500000000,54107780.7,16232334.21
2021-12-01,ONITSHA UPPER IWEKA,Grassroot Cooperative,100,2500000000,60461722.7,18138516.81
2022-01-01,ONITSHA UPPER IWEKA,Grassroot Cooperative,100,2500000000,50996169.1,15298850.73
2022-02-01,ONITSHA UPPER IWEKA,Grassroot Cooperative,100,2500000000,62621495.08,18786448.52
2022-03-01,ONITSHA UPPER IWEKA,Grassroot Cooperative,100,2500000000,56960365.0,17088109.5
2022-04-01,ONITSHA UPPER IWEKA,Grassroot Cooperative,100,2500000000,58825268.38,17647580.51
2022-05-01,ONITSHA UPPER IWEKA,Grassroot Cooperative,100,2500000000,55059483.71,16517845.11
2022-06-01,ONITSHA UPPER IWEKA,Grassroot Cooperative,100,2500000000,50179331.72,15053799.52
2022-07-01,ONITSHA UPPER IWEKA,Grassroot Cooperative,100,2500000000,54056944.28,16217083.28
2022-08-01,ONITSHA UPPER IWEKA,Grassroot Cooperative,100,2500000000,46777916.58,14033374.97
2022-09-01,ONITSHA UPPER IWEKA,Grassroot Cooperative,100,2500000000,48861861.89,14658558.57
2022-10-01,ONITSHA UPPER IWEKA,Grassroot Cooperative,100,2500000000,62465229.31,18739568.79
2022-11-01,ONITSHA UPPER IWEKA,Grassroot Cooperative,100,2500000000,47840185.89,14352055.77
2022-12-01,ONITSHA UPPER IWEKA,Grassroot Cooperative,100,2500000000,52841534.52,15852460.36
2023-01-01,ONITSHA UPPER IWEKA,Grassroot Cooperative,100,2500000000,60270557.22,18081167.17
2023-02-01,ONITSHA UPPER IWEKA,Grassroot Cooperative,100,2500000000,52211458.12,15663437.44
2023-03-01,ONITSHA UPPER IWEKA,Grassroot Cooperative,100,2500000000,45863348.7,13759004.61
2023-04-01,ONITSHA UPPER IWEKA,Grassroot Cooperative,100,2500000000,58063466.79,17419040.04
2023-05-01,ONITSHA UPPER IWEKA,Grassroot Cooperative,100,2500000000,55617828.63,16685348.59
2023-06-01,ONITSHA UPPER IWEKA,Grassroot Cooperative,100,2500000000,64554811.42,19366443.43
2023-07-01,ONITSHA UPPER IWEKA,Grassroot Cooperative,100,2500000000,58260531.66,17478159.5
2023-08-01,ONITSHA UPPER IWEKA,Grassroot Cooperative,100,2500000000,53723466.84,16117040.05
2023-09-01,ONITSHA UPPER IWEKA,Grassroot Cooperative,100,2500000000,55320762.77,16596228.83
2023-10-01,ONITSHA UPPER IWEKA,Grassroot Cooperative,100,2500000000,56274471.48,16882341.45
2023-11-01,ONITSHA UPPER IWEKA,Grassroot Cooperative,100,2500000000,45546276.88,13663883.06
2023-12-01,ONITSHA UPPER IWEKA,Grassroot Cooperative,100,2500000000,63405932.29,19021779.69
2021-01-01,OWERRI,Grassroot Cooperative,100,2500000000,54184305.76,16255291.73
2021-02-01,OWERRI,Grassroot Cooperative,100,2500000000,56521910.13,16956573.04
2021-03-01,OWERRI,Grassroot Cooperative,100,2500000000,49821973.35,14946592.01
2021-04-01,OWERRI,Grassroot Cooperative,100,2500000000,50548549.51,15164564.85
2021-05-01,OWERRI,Grassroot Cooperative,100,2500000000,57649374.81,17294812.44
2021-06-01,OWERRI,Grassroot Cooperative,100,2500000000,55228353.59,16568506.08
2021-07-01,OWERRI,Grassroot Cooperative,100,2500000000,54414035.21,16324210.56
2021-08-01,OWERRI,Grassroot Cooperative,100,2500000000,58809023.27,17642706.98
2021-09-01,OWERRI,Grassroot Cooperative,100,2500000000,55745517.82,16723655.35
2021-10-01,OWERRI,Grassroot Cooperative,100,2500000000,46041782.88,13812534.86
2021-11-01,OWERRI,Grassroot Cooperative,100,2500000000,61564680.76,18469404.23
2021-12-01,OWERRI,Grassroot Cooperative,100,2500000000,60892299.57,18267689.87
2022-01-01,OWERRI,Grassroot Cooperative,100,2500000000,63183383.22,18955014.97
2022-02-01,OWERRI,Grassroot Cooperative,100,2500000000,57934154.92,17380246.47
2022-03-01,OWERRI,Grassroot Cooperative,100,2500000000,60677351.44,18203205.43
2022-04-01,OWERRI,Grassroot Cooperative,100,2500000000,55119497.53,16535849.26
2022-05-01,OWERRI,Grassroot Cooperative,100,2500000000,61002474.69,18300742.41
2022-06-01,OWERRI,Grassroot Cooperative,100,2500000000,62318559.82,18695567.95
2022-07-01,OWERRI,Grassroot Cooperative,100,2500000000,49779650.57,14933895.17
2022-08-01,OWERRI,Grassroot Cooperative,100,2500000000,59040590.05,17712177.02
2022-09-01,OWERRI,Grassroot Cooperative,100,2500000000,50752129.05,15225638.72
2022-10-01,OWERRI,Grassroot Cooperative,100,2500000000,53601945.77,16080583.73
2022-11-01,OWERRI,Grassroot Cooperative,100,2500000000,46204087.95,13861226.38
2022-12-01,OWERRI,Grassroot Cooperative,100,2500000000,47868350.64,14360505.19
2023-01-01,OWERRI,Grassroot Cooperative,100,2500000000,63735536.67,19120661.0
2023-02-01,OWERRI,Grassroot Cooperative,100,2500000000,59113852.13,17734155.64
2023-03-01,OWERRI,Grassroot Cooperative,100,2500000000,61665672.67,18499701.8
2023-04-01,OWERRI,Grassroot Cooperative,100,2500000000,46802576.53,14040772.96
2023-05-01,OWERRI,Grassroot Cooperative,100,2500000000,45960455.5,13788136.65
2023-06-01,OWERRI,Grassroot Cooperative,100,2500000000,46309012.43,13892703.73
2023-07-01,OWERRI,Grassroot Cooperative,100,2500000000,63766066.1,19129819.83
2023-08-01,OWERRI,Grassroot Cooperative,100,2500000000,55343030.24,16602909.07
2023-09-01,OWERRI,Grassroot Cooperative,100,2500000000,50637648.2,15191294.46
2023-10-01,OWERRI,Grassroot Cooperative,100,2500000000,53742624.4,16122787.32
2023-11-01,OWERRI,Grassroot Cooperative,100,2500000000,53462240.15,16038672.04
2023-12-01,OWERRI,Grassroot Cooperative,100,2500000000,55909356.77,16772807.03
