Date,Hub_Name,Data_Source,Operating_Income_70,Fuel_Costs,Maintenance_MTS,Director_Remuneration,Intervention_Loans,Net_Income_Final
2021-01-01,ENUGU NORTH,Company_Data_Warehouse,33912118.76,16770302.7,3628889.45,1500000,0,7512926.62
2021-02-01,ENUGU NORTH,Company_Data_Warehouse,34934565.58,18812537.07,2276058.21,1500000,0,7845970.31
2021-03-01,ENUGU NORTH,Company_Data_Warehouse,31696117.5,16719809.44,3328351.26,1500000,0,5647956.8
2021-04-01,ENUGU NORTH,Company_Data_Warehouse,38530915.76,17907714.34,3841967.54,1500000,0,10781233.87
2021-05-01,ENUGU NORTH,Company_Data_Warehouse,41657487.49,19151412.5,2074857.97,1500000,0,14431217.02
2021-06-01,ENUGU NORTH,Company_Data_Warehouse,38683887.92,18628812.87,2696007.62,1500000,7000000,4359067.43
2021-07-01,ENUGU NORTH,Company_Data_Warehouse,33567222.48,15951534.42,4480885.44,1500000,0,7134802.62
2021-08-01,ENUGU NORTH,Company_Data_Warehouse,45404980.62,20901215.32,3692730.21,1500000,0,14811035.08
2021-09-01,ENUGU NORTH,Company_Data_Warehouse,39328104.38,19022051.26,4321844.76,1500000,0,9984208.36
2021-10-01,ENUGU NORTH,Company_Data_Warehouse,32565776.75,16072494.82,4460213.89,1500000,7000000,-966931.96
2021-11-01,ENUGU NORTH,Company_Data_Warehouse,33473337.52,18854846.6,3408202.77,1500000,7000000,-1789711.84
2021-12-01,ENUGU NORTH,Company_Data_Warehouse,34918277.49,17706309.87,4001263.97,1500000,0,7210703.65
2022-01-01,ENUGU NORTH,Company_Data_Warehouse,45000937.14,23236199.19,2071352.64,1500000,0,13693385.31
2022-02-01,ENUGU NORTH,Company_Data_Warehouse,31621935.09,16053937.65,2650046.13,1500000,7000000,-82048.69
2022-03-01,ENUGU NORTH,Company_Data_Warehouse,43946302.87,22037911.86,2398492.3,1500000,0,13509898.7
2022-04-01,ENUGU NORTH,Company_Data_Warehouse,41646171.92,20305936.94,4365947.17,1500000,0,10974287.8
2022-05-01,ENUGU NORTH,Company_Data_Warehouse,35486104.12,16828787.33,4293936.85,1500000,7000000,1363379.94
2022-06-01,ENUGU NORTH,Company_Data_Warehouse,43001075.72,19919535.03,2969542.6,1500000,0,14111998.09
2022-07-01,ENUGU NORTH,Company_Data_Warehouse,38664086.45,20678946.51,2302035.07,1500000,0,9683104.87
2022-08-01,ENUGU NORTH,Company_Data_Warehouse,40815014.35,19504470.74,4058359.9,1500000,0,11252183.72
2022-09-01,ENUGU NORTH,Company_Data_Warehouse,35589357.62,17654978.0,2388711.76,1500000,0,9545667.85
2022-10-01,ENUGU NORTH,Company_Data_Warehouse,40044493.16,22698873.01,2803681.08,1500000,7000000,1541939.08
2022-11-01,ENUGU NORTH,Company_Data_Warehouse,43550407.75,23750006.27,2774355.89,1500000,7000000,4026045.58
2022-12-01,ENUGU NORTH,Company_Data_Warehouse,38640986.49,19506870.41,3381445.81,1500000,0,9752670.27
2023-01-01,ENUGU NORTH,Company_Data_Warehouse,40005712.81,21833542.09,3680512.32,1500000,0,8491658.4
2023-02-01,ENUGU NORTH,Company_Data_Warehouse,42473980.13,23192440.84,3182159.2,1500000,0,10099380.08
2023-03-01,ENUGU NORTH,Company_Data_Warehouse,45076523.22,22475752.89,4087405.13,1500000,7000000,5513365.21
2023-04-01,ENUGU NORTH,Company_Data_Warehouse,41433559.8,21681742.43,2757207.68,1500000,0,10994609.7
2023-05-01,ENUGU NORTH,Company_Data_Warehouse,38852334.02,19165921.94,2340215.91,1500000,0,11346196.17
2023-06-01,ENUGU NORTH,Company_Data_Warehouse,36994886.73,19269411.99,2867881.23,1500000,0,8857593.51
2023-07-01,ENUGU NORTH,Company_Data_Warehouse,42146601.97,22239805.3,2369290.32,1500000,0,11537506.35
2023-08-01,ENUGU NORTH,Company_Data_Warehouse,43374141.32,22319315.49,2820260.25,1500000,0,12234565.59
2023-09-01,ENUGU NORTH,Company_Data_Warehouse,38803672.04,21437354.16,3836450.6,1500000,7000000,529867.27
2023-10-01,ENUGU NORTH,Company_Data_Warehouse,39080679.19,18502467.83,3470622.75,1500000,0,11107588.61
2023-11-01,ENUGU NORTH,Company_Data_Warehouse,45027310.43,22249349.22,2760963.0,1500000,0,14016998.22
2023-12-01,ENUGU NORTH,Company_Data_Warehouse,44894271.0,24828114.26,4164034.04,1500000,7000000,2902122.7
2021-01-01,OSHA MAIN,Company_Data_Warehouse,35979277.48,19183685.5,3308876.07,1500000,0,7486715.92
2021-02-01,OSHA MAIN,Company_Data_Warehouse,37846012.31,18887119.51,3329692.6,1500000,0,9629200.21
2021-03-01,OSHA MAIN,Company_Data_Warehouse,34357739.39,17641945.15,2200703.17,1500000,0,8515091.07
2021-04-01,OSHA MAIN,Company_Data_Warehouse,45248037.81,21487412.57,4191759.97,1500000,7000000,6568865.27
2021-05-01,OSHA MAIN,Company_Data_Warehouse,39268326.53,19176828.1,3565650.75,1500000,0,10525847.68
2021-06-01,OSHA MAIN,Company_Data_Warehouse,39777533.07,22149077.58,2330506.92,1500000,0,9297948.58
2021-07-01,OSHA MAIN,Company_Data_Warehouse,40199536.09,21018724.35,3164286.5,1500000,0,10016525.25
2021-08-01,OSHA MAIN,Company_Data_Warehouse,35124938.9,17426731.32,2765532.35,1500000,0,8932675.23
2021-09-01,OSHA MAIN,Company_Data_Warehouse,45341155.39,23796648.79,4297881.97,1500000,0,11246624.63
2021-10-01,OSHA MAIN,Company_Data_Warehouse,42060069.84,22766533.66,3863599.91,1500000,0,9429936.27
2021-11-01,OSHA MAIN,Company_Data_Warehouse,42480882.47,23769336.98,3340147.43,1500000,0,9371398.05
2021-12-01,OSHA MAIN,Company_Data_Warehouse,32507227.21,15624494.53,2725056.17,1500000,7000000,1157676.51
2022-01-01,OSHA MAIN,Company_Data_Warehouse,37831589.26,20691129.8,2862084.14,1500000,0,8278375.32
2022-02-01,OSHA MAIN,Company_Data_Warehouse,39655942.5,20469063.81,2759527.44,1500000,0,10427351.24
2022-03-01,OSHA MAIN,Company_Data_Warehouse,38140470.2,20685681.07,3446979.96,1500000,0,8007809.17
2022-04-01,OSHA MAIN,Company_Data_Warehouse,40946196.34,18978976.04,2778123.6,1500000,0,13189096.7
2022-05-01,OSHA MAIN,Company_Data_Warehouse,32096695.3,14831393.96,2981793.92,1500000,0,8283507.42
2022-06-01,OSHA MAIN,Company_Data_Warehouse,43461592.34,22357684.59,3993524.12,1500000,0,11110383.63
2022-07-01,OSHA MAIN,Company_Data_Warehouse,42275743.72,23392819.62,3184072.48,1500000,0,9698851.62
2022-08-01,OSHA MAIN,Company_Data_Warehouse,36428225.27,18347473.02,3110251.23,1500000,0,8970501.02
2022-09-01,OSHA MAIN,Company_Data_Warehouse,40557750.75,19016123.84,3853509.72,1500000,0,11688117.2
2022-10-01,OSHA MAIN,Company_Data_Warehouse,41689414.23,20851460.55,3240775.71,1500000,7000000,4597177.97
2022-11-01,OSHA MAIN,Company_Data_Warehouse,31674788.55,16522860.32,2647133.95,1500000,0,6504794.28
2022-12-01,OSHA MAIN,Company_Data_Warehouse,31727106.18,17055425.45,2504236.5,1500000,7000000,-832555.77
2023-01-01,OSHA MAIN,Company_Data_Warehouse,37778541.14,19730168.51,2505524.84,1500000,0,9542847.79
2023-02-01,OSHA MAIN,Company_Data_Warehouse,42877294.42,23551265.76,2533992.18,1500000,0,10792036.49
2023-03-01,OSHA MAIN,Company_Data_Warehouse,33320534.64,17018340.01,2487685.29,1500000,0,7814509.35
2023-04-01,OSHA MAIN,Company_Data_Warehouse,37542329.21,19352652.19,2702018.69,1500000,0,9487658.32
2023-05-01,OSHA MAIN,Company_Data_Warehouse,45419497.35,23564948.32,4149533.33,1500000,0,11705015.7
2023-06-01,OSHA MAIN,Company_Data_Warehouse,37539069.04,20772949.23,3802187.6,1500000,0,6963932.22
2023-07-01,OSHA MAIN,Company_Data_Warehouse,37039325.35,19792619.75,2366923.31,1500000,0,8879782.29
2023-08-01,OSHA MAIN,Company_Data_Warehouse,32961598.61,16417175.69,3248122.78,1500000,0,7296300.15
2023-09-01,OSHA MAIN,Company_Data_Warehouse,38786732.25,21743433.48,2919576.92,1500000,0,8123721.86
2023-10-01,OSHA MAIN,Company_Data_Warehouse,41693346.49,23297462.45,4029610.59,1500000,0,8366273.45
2023-11-01,OSHA MAIN,Company_Data_Warehouse,34992186.16,17773565.79,2872380.29,1500000,0,8346240.09
2023-12-01,OSHA MAIN,Company_Data_Warehouse,42984196.07,20781339.89,3450829.21,1500000,7000000,5752026.97
2021-01-01,OSHA OWERRI RD/ASABA,Company_Data_Warehouse,41294130.76,20360508.97,3332854.72,1500000,0,11600767.07
2021-02-01,OSHA OWERRI RD/ASABA,Company_Data_Warehouse,32027771.04,16269435.49,3012341.53,1500000,0,6745994.02
2021-03-01,OSHA OWERRI RD/ASABA,Company_Data_Warehouse,39755857.72,20093791.72,2387362.28,1500000,0,11274703.72
2021-04-01,OSHA OWERRI RD/ASABA,Company_Data_Warehouse,34696374.57,19470321.89,2133036.84,1500000,0,7093015.84
2021-05-01,OSHA OWERRI RD/ASABA,Company_Data_Warehouse,34297314.62,18660424.43,2274184.07,1500000,0,7362706.11
2021-06-01,OSHA OWERRI RD/ASABA,Company_Data_Warehouse,36549506.28,20456299.54,3334500.34,1500000,0,6758706.4
2021-07-01,OSHA OWERRI RD/ASABA,Company_Data_Warehouse,43316625.76,20187984.97,3111628.83,1500000,0,14017011.96
2021-08-01,OSHA OWERRI RD/ASABA,Company_Data_Warehouse,43360927.52,21572069.77,2884432.68,1500000,0,12904425.07
2021-09-01,OSHA OWERRI RD/ASABA,Company_Data_Warehouse,41431323.77,23457806.3,3206876.66,1500000,0,8766640.81
2021-10-01,OSHA OWERRI RD/ASABA,Company_Data_Warehouse,37183973.87,18457596.55,4437337.34,1500000,0,8289039.97
2021-11-01,OSHA OWERRI RD/ASABA,Company_Data_Warehouse,40351400.94,20737831.78,2244946.43,1500000,0,11368622.73
2021-12-01,OSHA OWERRI RD/ASABA,Company_Data_Warehouse,44468108.75,20641135.97,4342920.26,1500000,0,13484052.52
2022-01-01,OSHA OWERRI RD/ASABA,Company_Data_Warehouse,36645451.0,20774309.95,2852190.32,1500000,7000000,18950.72
2022-02-01,OSHA OWERRI RD/ASABA,Company_Data_Warehouse,44428430.7,23466190.87,2912713.98,1500000,0,12049525.85
2022-03-01,OSHA OWERRI RD/ASABA,Company_Data_Warehouse,44958388.11,24061110.62,4403890.71,1500000,0,10493386.79
2022-04-01,OSHA OWERRI RD/ASABA,Company_Data_Warehouse,40768378.13,20234829.85,4104960.03,1500000,0,10428588.25
2022-05-01,OSHA OWERRI RD/ASABA,Company_Data_Warehouse,35155811.51,17984389.69,2980021.04,1500000,0,8191400.78
2022-06-01,OSHA OWERRI RD/ASABA,Company_Data_Warehouse,44504818.36,21348782.56,3801197.03,1500000,0,13354838.78
2022-07-01,OSHA OWERRI RD/ASABA,Company_Data_Warehouse,38735658.61,21399630.9,4423319.61,1500000,0,6912708.1
2022-08-01,OSHA OWERRI RD/ASABA,Company_Data_Warehouse,44962295.22,23432151.38,4375876.04,1500000,0,11154267.79
2022-09-01,OSHA OWERRI RD/ASABA,Company_Data_Warehouse,37701802.94,20501216.66,3725923.22,1500000,7000000,474663.06
2022-10-01,OSHA OWERRI RD/ASABA,Company_Data_Warehouse,41719768.25,23415237.15,4119130.47,1500000,0,8185400.63
2022-11-01,OSHA OWERRI RD/ASABA,Company_Data_Warehouse,39041143.21,20916858.44,3359346.01,1500000,0,8764938.77
2022-12-01,OSHA OWERRI RD/ASABA,Company_Data_Warehouse,33057300.59,17300953.59,2802978.23,1500000,0,6953368.78
2023-01-01,OSHA OWERRI RD/ASABA,Company_Data_Warehouse,35184435.34,16329484.36,2055969.77,1500000,7000000,3798981.22
2023-02-01,OSHA OWERRI RD/ASABA,Company_Data_Warehouse,33918839.46,16498835.95,2937801.85,1500000,0,8482201.66
2023-03-01,OSHA OWERRI RD/ASABA,Company_Data_Warehouse,38326762.17,18574212.31,3500062.53,1500000,0,10252487.34
2023-04-01,OSHA OWERRI RD/ASABA,Company_Data_Warehouse,33605404.28,19104889.33,4085751.91,1500000,0,4414763.04
2023-05-01,OSHA OWERRI RD/ASABA,Company_Data_Warehouse,36731020.93,18574921.73,2516341.87,1500000,0,9639757.33
2023-06-01,OSHA OWERRI RD/ASABA,Company_Data_Warehouse,36464671.36,18873157.67,3103422.12,1500000,0,8488091.57
2023-07-01,OSHA OWERRI RD/ASABA,Company_Data_Warehouse,38399412.1,18297773.85,4073317.5,1500000,0,10028320.75
2023-08-01,OSHA OWERRI RD/ASABA,Company_Data_Warehouse,42923429.13,23566146.48,4208958.2,1500000,0,9148324.44
2023-09-01,OSHA OWERRI RD/ASABA,Company_Data_Warehouse,43283957.35,20236909.58,3523090.42,1500000,0,13523957.36
2023-10-01,OSHA OWERRI RD/ASABA,Company_Data_Warehouse,34374855.41,15832536.15,4036015.62,1500000,0,8506303.65
2023-11-01,OSHA OWERRI RD/ASABA,Company_Data_Warehouse,33672613.24,19173389.19,3054990.99,1500000,0,5444233.06
2023-12-01,OSHA OWERRI RD/ASABA,Company_Data_Warehouse,43707933.02,23090865.5,4032457.52,1500000,0,10584610.0
2021-01-01,UMUAHIA,Company_Data_Warehouse,32148804.0,15349717.19,3285863.8,1500000,0,7513223.01
2021-02-01,UMUAHIA,Company_Data_Warehouse,32133059.7,17229550.77,3570346.04,1500000,0,5333162.9
2021-03-01,UMUAHIA,Company_Data_Warehouse,35088143.61,19247489.06,3275286.07,1500000,7000000,-434631.53
2021-04-01,UMUAHIA,Company_Data_Warehouse,40585844.31,18816835.22,3350036.46,1500000,7000000,5418972.64
2021-05-01,UMUAHIA,Company_Data_Warehouse,31809023.87,16608693.63,2309624.02,1500000,0,6890706.22
2021-06-01,UMUAHIA,Company_Data_Warehouse,42424501.91,23949265.42,2086354.3,1500000,0,10388882.19
2021-07-01,UMUAHIA,Company_Data_Warehouse,39286932.96,18176546.29,3018797.48,1500000,0,12091589.2
2021-08-01,UMUAHIA,Company_Data_Warehouse,36427012.92,20580843.65,4390067.84,1500000,0,5456101.43
2021-09-01,UMUAHIA,Company_Data_Warehouse,31629615.98,17706306.29,2870217.86,1500000,0,5053091.84
2021-10-01,UMUAHIA,Company_Data_Warehouse,34892088.35,17121247.66,2334175.31,1500000,0,9436665.38
2021-11-01,UMUAHIA,Company_Data_Warehouse,38388497.12,18441922.94,2838881.07,1500000,0,11107693.11
2021-12-01,UMUAHIA,Company_Data_Warehouse,37453755.08,20027950.41,2196756.9,1500000,0,9229047.76
2022-01-01,UMUAHIA,Company_Data_Warehouse,34408491.53,17944755.25,2187776.25,1500000,0,8275960.03
2022-02-01,UMUAHIA,Company_Data_Warehouse,42171950.83,21254817.25,3942037.37,1500000,0,10975096.21
2022-03-01,UMUAHIA,Company_Data_Warehouse,39641182.28,18734728.59,3047161.67,1500000,0,11859292.02
2022-04-01,UMUAHIA,Company_Data_Warehouse,35334743.18,16438619.25,3130713.62,1500000,0,9765410.31
2022-05-01,UMUAHIA,Company_Data_Warehouse,42668843.54,22150892.93,4493455.69,1500000,0,10024494.91
2022-06-01,UMUAHIA,Company_Data_Warehouse,43901512.46,22477668.61,4251718.91,1500000,0,11172124.95
2022-07-01,UMUAHIA,Company_Data_Warehouse,33483909.1,17723701.08,4269847.82,1500000,0,5490360.19
2022-08-01,UMUAHIA,Company_Data_Warehouse,43719708.0,20595436.36,3677117.24,1500000,0,13447154.4
2022-09-01,UMUAHIA,Company_Data_Warehouse,35742299.27,17310796.83,2670876.61,1500000,0,9760625.83
2022-10-01,UMUAHIA,Company_Data_Warehouse,42379077.41,21039116.8,2050770.83,1500000,0,13289189.78
2022-11-01,UMUAHIA,Company_Data_Warehouse,42203603.85,20955108.77,2804659.34,1500000,0,12443835.74
2022-12-01,UMUAHIA,Company_Data_Warehouse,32525337.89,15706167.91,2560742.23,1500000,7000000,1258427.75
2023-01-01,UMUAHIA,Company_Data_Warehouse,45326495.69,25307248.78,2568097.19,1500000,0,11451149.73
2023-02-01,UMUAHIA,Company_Data_Warehouse,37271106.87,18316113.91,4277203.82,1500000,0,8677789.14
2023-03-01,UMUAHIA,Company_Data_Warehouse,34190189.74,16112718.13,3120712.85,1500000,0,8956758.76
2023-04-01,UMUAHIA,Company_Data_Warehouse,42150892.05,23575544.11,2960622.95,1500000,0,9614725.0
2023-05-01,UMUAHIA,Company_Data_Warehouse,34921023.63,18244737.54,2302689.43,1500000,0,8373596.66
2023-06-01,UMUAHIA,Company_Data_Warehouse,44506025.77,22633596.32,3794703.66,1500000,0,12077725.79
2023-07-01,UMUAHIA,Company_Data_Warehouse,43396642.56,21281343.47,2186918.7,1500000,7000000,6928380.38
2023-08-01,UMUAHIA,Company_Data_Warehouse,36260070.02,18902908.3,2509195.47,1500000,0,8847966.25
2023-09-01,UMUAHIA,Company_Data_Warehouse,43240560.64,22753773.04,2843973.89,1500000,0,11642813.71
2023-10-01,UMUAHIA,Company_Data_Warehouse,40686306.41,19913177.19,2385704.68,1500000,7000000,5387424.54
2023-11-01,UMUAHIA,Company_Data_Warehouse,37303785.92,20495851.27,2142510.67,1500000,7000000,1665423.99
2023-12-01,UMUAHIA,Company_Data_Warehouse,34927482.34,17976377.84,3367823.39,1500000,0,7583281.11
2021-01-01,BENIN,Company_Data_Warehouse,32074859.98,16298901.38,3390095.98,1500000,0,6385862.62
2021-02-01,BENIN,Company_Data_Warehouse,37369935.81,20552061.68,4292028.92,1500000,0,6525845.21
2021-03-01,BENIN,Company_Data_Warehouse,40672594.47,20197516.48,3590334.48,1500000,7000000,3884743.51
2021-04-01,BENIN,Company_Data_Warehouse,41306888.07,20155611.19,2502095.87,1500000,0,12649181.02
2021-05-01,BENIN,Company_Data_Warehouse,41963244.98,23313576.93,3524474.4,1500000,7000000,2125193.65
2021-06-01,BENIN,Company_Data_Warehouse,43084145.24,22447474.31,2830164.17,1500000,0,11806506.77
2021-07-01,BENIN,Company_Data_Warehouse,40010520.17,21824624.48,2653794.9,1500000,7000000,2532100.79
2021-08-01,BENIN,Company_Data_Warehouse,34052826.19,19274774.74,3224811.5,1500000,0,5553239.95
2021-09-01,BENIN,Company_Data_Warehouse,45197748.45,25623887.95,2601730.84,1500000,0,10972129.67
2021-10-01,BENIN,Company_Data_Warehouse,41576213.8,23345641.66,2500178.37,1500000,0,9730393.77
2021-11-01,BENIN,Company_Data_Warehouse,42164530.42,20248929.63,2856299.97,1500000,0,13059300.82
2021-12-01,BENIN,Company_Data_Warehouse,34013826.5,15623116.65,3897195.01,1500000,7000000,1493514.83
2022-01-01,BENIN,Company_Data_Warehouse,34661899.02,16775793.72,2105391.69,1500000,0,9780713.62
2022-02-01,BENIN,Company_Data_Warehouse,44161080.19,21726860.48,3235877.16,1500000,0,13198342.54
2022-03-01,BENIN,Company_Data_Warehouse,35347854.08,17272713.04,3259316.14,1500000,0,8815824.9
2022-04-01,BENIN,Company_Data_Warehouse,43844805.24,24624363.57,4027691.31,1500000,0,9192750.36
2022-05-01,BENIN,Company_Data_Warehouse,31851460.74,17304183.13,2272203.57,1500000,7000000,-724925.96
2022-06-01,BENIN,Company_Data_Warehouse,39949316.79,19371668.27,2032970.3,1500000,0,12544678.22
2022-07-01,BENIN,Company_Data_Warehouse,45030971.61,23923569.86,2950037.0,1500000,0,12157364.74
2022-08-01,BENIN,Company_Data_Warehouse,36671416.7,18038072.93,2762360.03,1500000,0,9870983.74
2022-09-01,BENIN,Company_Data_Warehouse,38170595.77,17602344.77,2665590.97,1500000,0,11902660.03
2022-10-01,BENIN,Company_Data_Warehouse,41092635.09,22031628.92,3914613.13,1500000,0,9146393.04
2022-11-01,BENIN,Company_Data_Warehouse,32989643.38,17648340.38,3611027.69,1500000,0,5730275.32
2022-12-01,BENIN,Company_Data_Warehouse,32930369.39,18390505.4,2415189.98,1500000,0,6124674.01
2023-01-01,BENIN,Company_Data_Warehouse,43938663.38,22934046.77,3207031.22,1500000,0,11797585.39
2023-02-01,BENIN,Company_Data_Warehouse,36562617.15,18850657.76,4404223.8,1500000,0,7307735.59
2023-03-01,BENIN,Company_Data_Warehouse,38928098.57,20715840.16,2790730.44,1500000,7000000,2421527.97
2023-04-01,BENIN,Company_Data_Warehouse,36109888.69,18417202.54,4121597.18,1500000,0,7571088.97
2023-05-01,BENIN,Company_Data_Warehouse,44775647.76,23162924.92,2882670.54,1500000,0,12730052.3
2023-06-01,BENIN,Company_Data_Warehouse,34626650.78,18075987.56,2112823.26,1500000,7000000,1437839.97
2023-07-01,BENIN,Company_Data_Warehouse,42051039.68,19333388.7,3721426.21,1500000,0,12996224.77
2023-08-01,BENIN,Company_Data_Warehouse,33903809.21,18584619.79,2845065.76,1500000,0,6474123.67
2023-09-01,BENIN,Company_Data_Warehouse,38817759.86,18713435.28,4085046.39,1500000,0,10019278.19
2023-10-01,BENIN,Company_Data_Warehouse,40538286.24,22625366.74,2012967.75,1500000,0,9899951.75
2023-11-01,BENIN,Company_Data_Warehouse,39772412.59,22059805.19,3378860.09,1500000,0,8333747.31
2023-12-01,BENIN,Company_Data_Warehouse,43464694.1,22946791.14,2096093.38,1500000,0,12421809.58
2021-01-01,YENEGOA,Company_Data_Warehouse,21718985.03,14735129.4,2940215.09,1500000,7000000,-8956359.46
2021-02-01,YENEGOA,Company_Data_Warehouse,16313557.78,12884608.81,6441784.62,1500000,0,-9012835.66
2021-03-01,YENEGOA,Company_Data_Warehouse,18496177.74,14568356.49,5809134.06,1500000,0,-7881312.82
2021-04-01,YENEGOA,Company_Data_Warehouse,21794883.78,17572150.7,3644338.5,1500000,0,-5421605.42
2021-05-01,YENEGOA,Company_Data_Warehouse,17512383.26,12996413.38,3977446.36,1500000,7000000,-12461476.48
2021-06-01,YENEGOA,Company_Data_Warehouse,16820926.61,14399166.92,3832998.2,1500000,0,-7411238.52
2021-07-01,YENEGOA,Company_Data_Warehouse,21327542.82,15092380.87,3698504.87,1500000,0,-3463342.92
2021-08-01,YENEGOA,Company_Data_Warehouse,20951674.01,15825382.13,5841348.92,1500000,7000000,-13715057.03
2021-09-01,YENEGOA,Company_Data_Warehouse,16662358.21,13760453.36,3335244.24,1500000,0,-6433339.39
2021-10-01,YENEGOA,Company_Data_Warehouse,15904607.83,12298288.53,3005222.06,1500000,0,-5398902.77
2021-11-01,YENEGOA,Company_Data_Warehouse,19634260.7,14203611.1,4257128.58,1500000,0,-4826478.98
2021-12-01,YENEGOA,Company_Data_Warehouse,16909433.06,13915776.76,4795111.53,1500000,0,-7801455.23
2022-01-01,YENEGOA,Company_Data_Warehouse,17513012.46,13425240.43,5497690.18,1500000,0,-7409918.15
2022-02-01,YENEGOA,Company_Data_Warehouse,16448511.16,14744235.42,5650044.64,1500000,0,-9945768.9
2022-03-01,YENEGOA,Company_Data_Warehouse,19013740.21,14083728.52,3432583.86,1500000,0,-4502572.16
2022-04-01,YENEGOA,Company_Data_Warehouse,20009412.19,15866062.84,3510870.58,1500000,7000000,-12367521.23
2022-05-01,YENEGOA,Company_Data_Warehouse,21044437.43,15326182.85,4414672.61,1500000,0,-4696418.03
2022-06-01,YENEGOA,Company_Data_Warehouse,19783158.75,15811394.48,3859450.72,1500000,0,-5887686.45
2022-07-01,YENEGOA,Company_Data_Warehouse,16005036.54,12011176.3,5448338.67,1500000,0,-7454478.43
2022-08-01,YENEGOA,Company_Data_Warehouse,19505083.44,13629878.54,3261228.34,1500000,0,-3386023.45
2022-09-01,YENEGOA,Company_Data_Warehouse,17359530.25,13211787.62,5310529.03,1500000,0,-7162786.4
2022-10-01,YENEGOA,Company_Data_Warehouse,22327138.94,17362845.63,4238593.28,1500000,0,-5274299.97
2022-11-01,YENEGOA,Company_Data_Warehouse,20326177.35,12837057.45,2640894.39,1500000,0,-1151774.49
2022-12-01,YENEGOA,Company_Data_Warehouse,19063840.52,13174030.57,3081097.45,1500000,0,-3191287.5
2023-01-01,YENEGOA,Company_Data_Warehouse,19454136.44,13830882.12,3855630.39,1500000,0,-4232376.06
2023-02-01,YENEGOA,Company_Data_Warehouse,18802284.03,13356195.39,5794509.9,1500000,0,-6348421.26
2023-03-01,YENEGOA,Company_Data_Warehouse,18216155.25,13342120.08,4665232.09,1500000,0,-5791196.92
2023-04-01,YENEGOA,Company_Data_Warehouse,18764452.47,13488459.63,3985874.88,1500000,0,-4709882.04
2023-05-01,YENEGOA,Company_Data_Warehouse,18308874.01,11991859.44,2927446.23,1500000,0,-2610431.66
2023-06-01,YENEGOA,Company_Data_Warehouse,17031694.19,11163794.02,3458868.81,1500000,7000000,-10590968.63
2023-07-01,YENEGOA,Company_Data_Warehouse,17155448.37,12197235.49,5701320.56,1500000,0,-6743107.68
2023-08-01,YENEGOA,Company_Data_Warehouse,21190148.75,18664922.97,5346945.05,1500000,0,-8821719.27
2023-09-01,YENEGOA,Company_Data_Warehouse,18542919.97,14373599.76,6362976.33,1500000,0,-8193656.12
2023-10-01,YENEGOA,Company_Data_Warehouse,20863408.02,16012353.68,5480408.3,1500000,0,-6629353.96
2023-11-01,YENEGOA,Company_Data_Warehouse,17237588.86,13203676.58,4381524.72,1500000,0,-6347612.44
2023-12-01,YENEGOA,Company_Data_Warehouse,19792223.36,13311149.24,5161516.92,1500000,0,-4680442.79
2021-01-01,NNEWI,Company_Data_Warehouse,35541841.79,19545759.38,2530154.18,1500000,0,7465928.22
2021-02-01,NNEWI,Company_Data_Warehouse,44679377.2,24597611.43,2686177.17,1500000,0,11395588.61
2021-03-01,NNEWI,Company_Data_Warehouse,39988351.55,20663349.58,3607407.83,1500000,0,9717594.13
2021-04-01,NNEWI,Company_Data_Warehouse,40528209.3,18961338.44,4202148.73,1500000,0,11364722.13
2021-05-01,NNEWI,Company_Data_Warehouse,35094369.88,19346971.55,3853288.55,1500000,0,5894109.77
2021-06-01,NNEWI,Company_Data_Warehouse,42027629.28,22526575.4,3957635.93,1500000,0,9543417.95
2021-07-01,NNEWI,Company_Data_Warehouse,37832923.11,21006013.21,3967524.55,1500000,0,6859385.35
2021-08-01,NNEWI,Company_Data_Warehouse,34819692.21,19616840.04,2482598.8,1500000,0,6720253.36
2021-09-01,NNEWI,Company_Data_Warehouse,34544748.79,18861446.69,4170839.47,1500000,0,5512462.62
2021-10-01,NNEWI,Company_Data_Warehouse,42380841.08,23639136.15,2520758.85,1500000,0,10220946.08
2021-11-01,NNEWI,Company_Data_Warehouse,42970409.5,19726303.48,3614188.96,1500000,0,13629917.06
2021-12-01,NNEWI,Company_Data_Warehouse,38069657.63,20017226.63,2113656.79,1500000,0,9938774.21
2022-01-01,NNEWI,Company_Data_Warehouse,37409104.92,19657766.53,3659438.72,1500000,0,8091899.66
2022-02-01,NNEWI,Company_Data_Warehouse,41001254.49,23318031.71,3959611.74,1500000,0,7723611.03
2022-03-01,NNEWI,Company_Data_Warehouse,42733509.69,22710778.23,2403480.01,1500000,0,11619251.45
2022-04-01,NNEWI,Company_Data_Warehouse,32031808.08,15390838.03,3906429.55,1500000,0,6734540.5
2022-05-01,NNEWI,Company_Data_Warehouse,31730350.95,17377812.15,2337823.68,1500000,7000000,-985284.88
2022-06-01,NNEWI,Company_Data_Warehouse,39669192.42,20816608.05,3383354.31,1500000,7000000,2469230.05
2022-07-01,NNEWI,Company_Data_Warehouse,36205584.21,16599007.58,4228160.37,1500000,0,9378416.26
2022-08-01,NNEWI,Company_Data_Warehouse,43743310.28,22462938.59,3268225.65,1500000,0,12012146.04
2022-09-01,NNEWI,Company_Data_Warehouse,43374357.66,23505345.89,3878995.29,1500000,0,9990016.48
2022-10-01,NNEWI,Company_Data_Warehouse,32604911.36,15847211.78,2361096.46,1500000,0,8396603.11
2022-11-01,NNEWI,Company_Data_Warehouse,41832356.52,21377704.71,2393185.74,1500000,0,12061466.07
2022-12-01,NNEWI,Company_Data_Warehouse,31768513.08,17112186.24,3511327.4,1500000,0,5144999.43
2023-01-01,NNEWI,Company_Data_Warehouse,32221822.79,15405062.63,3091236.6,1500000,7000000,725523.56
2023-02-01,NNEWI,Company_Data_Warehouse,33989487.76,17625879.81,2088591.78,1500000,0,8275016.17
2023-03-01,NNEWI,Company_Data_Warehouse,41820944.3,20940757.52,4212431.95,1500000,0,10667754.82
2023-04-01,NNEWI,Company_Data_Warehouse,32531992.44,15801162.39,4025519.4,1500000,0,6705310.65
2023-05-01,NNEWI,Company_Data_Warehouse,34546304.68,17880270.77,2927418.86,1500000,0,7738615.05
2023-06-01,NNEWI,Company_Data_Warehouse,33946386.06,17249725.42,4237119.85,1500000,0,6459540.79
2023-07-01,NNEWI,Company_Data_Warehouse,35467999.8,18977005.0,3558334.65,1500000,0,6932660.15
2023-08-01,NNEWI,Company_Data_Warehouse,44235951.2,24800905.23,2011149.34,1500000,0,11423896.64
2023-09-01,NNEWI,Company_Data_Warehouse,42547339.0,20671864.0,2420158.24,1500000,7000000,6455316.76
2023-10-01,NNEWI,Company_Data_Warehouse,33180010.08,15969973.66,2097688.3,1500000,0,9112348.12
2023-11-01,NNEWI,Company_Data_Warehouse,38149623.9,18141265.14,3790255.02,1500000,0,10218103.75
2023-12-01,NNEWI,Company_Data_Warehouse,38778833.85,20286369.86,3024060.81,1500000,0,9468403.19
2021-01-01,AFIKPO,Company_Data_Warehouse,40172750.31,20070608.03,3343176.5,1500000,7000000,3758965.78
2021-02-01,AFIKPO,Company_Data_Warehouse,34137803.42,17679703.71,2322105.61,1500000,0,8135994.1
2021-03-01,AFIKPO,Company_Data_Warehouse,40347196.59,21908636.02,3549010.53,1500000,0,8889550.04
2021-04-01,AFIKPO,Company_Data_Warehouse,42944922.68,23248923.24,2487718.06,1500000,0,11208281.37
2021-05-01,AFIKPO,Company_Data_Warehouse,36654401.72,18564332.44,3127187.38,1500000,0,8962881.89
2021-06-01,AFIKPO,Company_Data_Warehouse,43619609.08,23352156.11,4407267.93,1500000,0,9860185.04
2021-07-01,AFIKPO,Company_Data_Warehouse,32479417.03,16312320.42,2294611.69,1500000,0,7872484.92
2021-08-01,AFIKPO,Company_Data_Warehouse,41680850.99,23634826.12,2407378.03,1500000,0,9638646.83
2021-09-01,AFIKPO,Company_Data_Warehouse,38918161.02,20207968.99,3342063.27,1500000,7000000,2368128.76
2021-10-01,AFIKPO,Company_Data_Warehouse,36955500.47,18781264.13,3920074.16,1500000,0,8254162.18
2021-11-01,AFIKPO,Company_Data_Warehouse,34764505.33,19383085.34,3107228.18,1500000,7000000,-725808.19
2021-12-01,AFIKPO,Company_Data_Warehouse,39709861.9,21318303.09,2508759.55,1500000,0,9882799.26
2022-01-01,AFIKPO,Company_Data_Warehouse,33468867.98,15790233.66,3137159.8,1500000,7000000,1541474.52
2022-02-01,AFIKPO,Company_Data_Warehouse,38942937.37,18782109.18,3931186.64,1500000,0,10229641.54
2022-03-01,AFIKPO,Company_Data_Warehouse,45492875.24,22729942.3,2689830.44,1500000,0,14073102.51
2022-04-01,AFIKPO,Company_Data_Warehouse,39697727.15,20059122.07,2990683.12,1500000,7000000,3647921.96
2022-05-01,AFIKPO,Company_Data_Warehouse,40413238.78,18670909.94,2309303.17,1500000,7000000,6433025.67
2022-06-01,AFIKPO,Company_Data_Warehouse,31774637.27,17762580.22,2734688.44,1500000,7000000,-1722631.39
2022-07-01,AFIKPO,Company_Data_Warehouse,36601595.57,18949496.22,3633511.19,1500000,0,8018588.16
2022-08-01,AFIKPO,Company_Data_Warehouse,37596745.12,17357480.63,4402417.49,1500000,0,9836847.0
2022-09-01,AFIKPO,Company_Data_Warehouse,33795127.21,16097034.23,2669409.25,1500000,0,9028683.72
2022-10-01,AFIKPO,Company_Data_Warehouse,33630328.57,18692045.11,4429241.45,1500000,7000000,-2490957.98
2022-11-01,AFIKPO,Company_Data_Warehouse,41170089.99,20409508.75,3047572.29,1500000,0,11713008.94
2022-12-01,AFIKPO,Company_Data_Warehouse,43943041.17,24815975.24,3118752.89,1500000,0,10008313.04
2023-01-01,AFIKPO,Company_Data_Warehouse,42863075.43,23613314.57,2969202.47,1500000,0,10280558.38
2023-02-01,AFIKPO,Company_Data_Warehouse,39473021.24,19966577.0,2733105.29,1500000,0,10773338.95
2023-03-01,AFIKPO,Company_Data_Warehouse,41300834.34,23383109.81,3176166.41,1500000,0,8741558.12
2023-04-01,AFIKPO,Company_Data_Warehouse,37000018.97,18800999.48,2109684.77,1500000,0,10089334.72
2023-05-01,AFIKPO,Company_Data_Warehouse,42859006.55,23169444.39,3594800.32,1500000,0,10094761.84
2023-06-01,AFIKPO,Company_Data_Warehouse,38135009.85,19968540.1,2815647.07,1500000,0,9350822.68
2023-07-01,AFIKPO,Company_Data_Warehouse,35686697.05,18790546.21,2585008.92,1500000,0,8311141.91
2023-08-01,AFIKPO,Company_Data_Warehouse,33809068.56,18612088.41,3815017.94,1500000,0,5381962.21
2023-09-01,AFIKPO,Company_Data_Warehouse,39807085.43,22701770.57,4152201.03,1500000,0,6953113.83
2023-10-01,AFIKPO,Company_Data_Warehouse,32201337.84,15863619.09,4405005.89,1500000,0,5932712.86
2023-11-01,AFIKPO,Company_Data_Warehouse,34464763.53,18313797.81,3286551.44,1500000,0,6864414.28
2023-12-01,AFIKPO,Company_Data_Warehouse,40943434.7,22719450.88,3350652.13,1500000,0,8873331.69
2021-01-01,UYO,Company_Data_Warehouse,43672867.24,23573968.09,2841353.12,1500000,0,11257546.03
2021-02-01,UYO,Company_Data_Warehouse,39903857.24,21829833.79,2661345.36,1500000,0,9412678.1
2021-03-01,UYO,Company_Data_Warehouse,41138369.52,20715731.8,4316880.47,1500000,0,10105757.25
2021-04-01,UYO,Company_Data_Warehouse,44763207.06,21716540.08,2045606.9,1500000,0,15001060.08
2021-05-01,UYO,Company_Data_Warehouse,33254545.53,17627972.81,2119827.57,1500000,7000000,506745.16
2021-06-01,UYO,Company_Data_Warehouse,37657002.86,20789026.24,3786452.67,1500000,0,7081523.95
2021-07-01,UYO,Company_Data_Warehouse,45363492.59,23778524.38,3553706.21,1500000,7000000,5031262.0
2021-08-01,UYO,Company_Data_Warehouse,33706525.61,17101455.51,3790418.31,1500000,0,6814651.78
2021-09-01,UYO,Company_Data_Warehouse,41597742.08,22980714.36,3812575.7,1500000,7000000,1804452.02
2021-10-01,UYO,Company_Data_Warehouse,33772396.8,17554682.36,2228093.09,1500000,0,7989621.35
2021-11-01,UYO,Company_Data_Warehouse,42195850.26,22728587.83,2295767.38,1500000,0,11171495.05
2021-12-01,UYO,Company_Data_Warehouse,44689720.79,21031396.42,3872578.79,1500000,0,13785745.58
2022-01-01,UYO,Company_Data_Warehouse,34878395.3,16475898.68,3070647.02,1500000,7000000,2331849.6
2022-02-01,UYO,Company_Data_Warehouse,39718457.41,19215493.65,3057085.43,1500000,7000000,4445878.33
2022-03-01,UYO,Company_Data_Warehouse,43349301.82,24768736.63,2292381.59,1500000,0,10288183.61
2022-04-01,UYO,Company_Data_Warehouse,36260575.51,17597752.61,4066655.72,1500000,0,8596167.18
2022-05-01,UYO,Company_Data_Warehouse,33364077.73,15923324.48,3242170.34,1500000,0,8198582.91
2022-06-01,UYO,Company_Data_Warehouse,42499119.45,19689545.29,3239813.55,1500000,0,13569760.61
2022-07-01,UYO,Company_Data_Warehouse,34804060.06,18865460.82,4139956.5,1500000,0,5798642.73
2022-08-01,UYO,Company_Data_Warehouse,31859490.64,16807098.16,3755345.54,1500000,0,5297046.94
2022-09-01,UYO,Company_Data_Warehouse,40237525.66,20327584.58,2466724.16,1500000,0,11443216.92
2022-10-01,UYO,Company_Data_Warehouse,34485147.75,17549232.05,2466689.3,1500000,0,8469226.41
2022-11-01,UYO,Company_Data_Warehouse,42614656.57,22612228.32,3150869.2,1500000,0,10851559.04
2022-12-01,UYO,Company_Data_Warehouse,35465659.32,17062701.45,3816725.81,1500000,0,8586232.06
2023-01-01,UYO,Company_Data_Warehouse,35456484.82,16722507.26,2033138.4,1500000,0,10700839.17
2023-02-01,UYO,Company_Data_Warehouse,41714351.44,19410445.3,2183417.22,1500000,7000000,7120488.92
2023-03-01,UYO,Company_Data_Warehouse,45404348.06,21483237.2,4127362.72,1500000,0,13793748.14
2023-04-01,UYO,Company_Data_Warehouse,39432525.17,20270125.65,2019651.67,1500000,0,11142747.86
2023-05-01,UYO,Company_Data_Warehouse,35931784.1,16811440.95,2072158.3,1500000,0,11048184.86
2023-06-01,UYO,Company_Data_Warehouse,44150470.73,21617045.02,4237930.36,1500000,0,12295495.35
2023-07-01,UYO,Company_Data_Warehouse,31656215.36,16171166.58,3650168.18,1500000,7000000,-1165119.4
2023-08-01,UYO,Company_Data_Warehouse,39085725.35,22143802.94,2336677.19,1500000,0,8605245.22
2023-09-01,UYO,Company_Data_Warehouse,38996401.43,21797415.45,4019577.84,1500000,7000000,179408.14
2023-10-01,UYO,Company_Data_Warehouse,33416981.01,16981514.52,2567765.11,1500000,0,7867701.38
2023-11-01,UYO,Company_Data_Warehouse,43279633.24,21379124.27,4360576.17,1500000,0,11539932.8
2023-12-01,UYO,Company_Data_Warehouse,36304082.92,20647479.72,3290750.81,1500000,0,6365852.39
2021-01-01,WARRI,Company_Data_Warehouse,45329599.05,21710628.74,2256771.42,1500000,0,15362198.9
2021-02-01,WARRI,Company_Data_Warehouse,41686800.12,21766144.17,3174030.76,1500000,0,10746625.19
2021-03-01,WARRI,Company_Data_Warehouse,38607355.26,18383311.92,2132239.08,1500000,0,12091804.26
2021-04-01,WARRI,Company_Data_Warehouse,41126755.62,22865077.58,3498481.34,1500000,0,8763196.7
2021-05-01,WARRI,Company_Data_Warehouse,42512918.9,22365716.87,3321825.28,1500000,7000000,3825376.76
2021-06-01,WARRI,Company_Data_Warehouse,38224250.6,21666611.51,3012790.91,1500000,0,7544848.18
2021-07-01,WARRI,Company_Data_Warehouse,43695635.18,24722278.27,3112855.77,1500000,0,9860501.13
2021-08-01,WARRI,Company_Data_Warehouse,42136086.84,19345519.89,2050795.79,1500000,0,14739771.17
2021-09-01,WARRI,Company_Data_Warehouse,38216481.51,21139308.22,3892506.69,1500000,0,7184666.6
2021-10-01,WARRI,Company_Data_Warehouse,38284404.93,21821230.56,2036810.95,1500000,0,8426363.41
2021-11-01,WARRI,Company_Data_Warehouse,33837483.44,16143660.75,2972747.65,1500000,0,8721075.04
2021-12-01,WARRI,Company_Data_Warehouse,34663852.45,17857751.86,2798829.87,1500000,0,8007270.72
2022-01-01,WARRI,Company_Data_Warehouse,41791650.27,21368714.66,2562706.19,1500000,0,11860229.41
2022-02-01,WARRI,Company_Data_Warehouse,33058094.82,16999134.42,3409902.87,1500000,0,6649057.53
2022-03-01,WARRI,Company_Data_Warehouse,36211093.93,19684764.66,3584972.19,1500000,0,6941357.09
2022-04-01,WARRI,Company_Data_Warehouse,45443137.91,22198999.98,3786363.37,1500000,0,13457774.56
2022-05-01,WARRI,Company_Data_Warehouse,34313045.49,18101207.87,4461303.77,1500000,0,5750533.85
2022-06-01,WARRI,Company_Data_Warehouse,34621339.16,17834656.26,3183978.9,1500000,0,7602704.0
2022-07-01,WARRI,Company_Data_Warehouse,31530070.28,14606575.43,3669246.84,1500000,0,7254248.01
2022-08-01,WARRI,Company_Data_Warehouse,44894947.84,21170363.63,4131295.02,1500000,7000000,6593289.2
2022-09-01,WARRI,Company_Data_Warehouse,37374994.92,18099015.06,3429528.42,1500000,0,9846451.44
2022-10-01,WARRI,Company_Data_Warehouse,37007466.65,19665120.72,2061175.73,1500000,0,9281170.21
2022-11-01,WARRI,Company_Data_Warehouse,37686792.74,18646597.66,4272533.19,1500000,0,8767661.89
2022-12-01,WARRI,Company_Data_Warehouse,34388579.9,17197484.89,2643505.74,1500000,7000000,1547589.27
2023-01-01,WARRI,Company_Data_Warehouse,34096760.51,19159015.71,2058446.74,1500000,0,6879298.06
2023-02-01,WARRI,Company_Data_Warehouse,31791381.91,17829576.31,3124158.17,1500000,0,4837647.43
2023-03-01,WARRI,Company_Data_Warehouse,40780992.21,22600770.51,3024070.02,1500000,7000000,2156151.68
2023-04-01,WARRI,Company_Data_Warehouse,42313631.54,19899008.75,2337312.53,1500000,0,14077310.26
2023-05-01,WARRI,Company_Data_Warehouse,42055982.27,19895460.64,2322221.25,1500000,0,13838300.37
2023-06-01,WARRI,Company_Data_Warehouse,42323545.68,23673095.19,2657053.49,1500000,0,9993397.0
2023-07-01,WARRI,Company_Data_Warehouse,32660458.64,17291047.83,4481563.48,1500000,0,4887847.33
2023-08-01,WARRI,Company_Data_Warehouse,33168737.96,18844692.05,2435189.89,1500000,0,5888856.03
2023-09-01,WARRI,Company_Data_Warehouse,31706907.75,16931370.44,3820207.16,1500000,0,4955330.14
2023-10-01,WARRI,Company_Data_Warehouse,44930459.04,23254164.69,3190207.07,1500000,0,12486087.28
2023-11-01,WARRI,Company_Data_Warehouse,38729218.19,21628100.31,4326302.23,1500000,0,6774815.66
2023-12-01,WARRI,Company_Data_Warehouse,32451558.43,17032457.44,3485038.7,1500000,0,5934062.29
2021-01-01,IKOM,Company_Data_Warehouse,19861212.06,14004759.4,6026533.34,1500000,0,-6170080.68
2021-02-01,IKOM,Company_Data_Warehouse,21545295.92,18401220.23,6499277.07,1500000,0,-9355201.38
2021-03-01,IKOM,Company_Data_Warehouse,16349314.02,13143989.11,3747036.61,1500000,0,-6541711.7
2021-04-01,IKOM,Company_Data_Warehouse,21333975.89,14622804.29,3384571.5,1500000,0,-2673399.9
2021-05-01,IKOM,Company_Data_Warehouse,17363714.59,13541512.8,6314965.02,1500000,0,-8492763.23
2021-06-01,IKOM,Company_Data_Warehouse,16654718.63,12345927.79,5466764.9,1500000,0,-7157974.06
2021-07-01,IKOM,Company_Data_Warehouse,16102659.31,11471958.92,3938851.76,1500000,7000000,-12308151.37
2021-08-01,IKOM,Company_Data_Warehouse,19336095.29,14528498.45,3021087.5,1500000,0,-4213490.66
2021-09-01,IKOM,Company_Data_Warehouse,20840898.54,17494693.91,5884658.06,1500000,0,-8538453.43
2021-10-01,IKOM,Company_Data_Warehouse,21597351.03,15982590.22,5514100.42,1500000,0,-5899339.61
2021-11-01,IKOM,Company_Data_Warehouse,16307638.88,13568843.17,4051083.34,1500000,0,-7312287.62
2021-12-01,IKOM,Company_Data_Warehouse,20640951.49,14660405.25,3548574.33,1500000,0,-3568028.1
2022-01-01,IKOM,Company_Data_Warehouse,16516994.73,12382085.64,5943600.01,1500000,0,-7808690.92
2022-02-01,IKOM,Company_Data_Warehouse,22568243.78,15542504.33,4519137.64,1500000,0,-3493398.2
2022-03-01,IKOM,Company_Data_Warehouse,18719687.64,13871592.24,5127289.82,1500000,0,-6279194.43
2022-04-01,IKOM,Company_Data_Warehouse,18056027.01,14013907.85,6974176.6,1500000,0,-8932057.43
2022-05-01,IKOM,Company_Data_Warehouse,17955736.92,10764991.66,3808528.31,1500000,0,-2617783.05
2022-06-01,IKOM,Company_Data_Warehouse,20313973.22,15162512.39,3391326.15,1500000,0,-4239865.31
2022-07-01,IKOM,Company_Data_Warehouse,22421649.04,17354754.58,3052086.31,1500000,7000000,-10985191.85
2022-08-01,IKOM,Company_Data_Warehouse,18928257.47,14487335.61,6522235.89,1500000,0,-8081314.03
2022-09-01,IKOM,Company_Data_Warehouse,17939645.65,11345452.83,4340115.39,1500000,0,-3745922.57
2022-10-01,IKOM,Company_Data_Warehouse,17482326.0,12197916.09,6084096.94,1500000,0,-6799687.03
2022-11-01,IKOM,Company_Data_Warehouse,16298045.5,11780976.54,4738196.16,1500000,0,-6221127.2
2022-12-01,IKOM,Company_Data_Warehouse,17589322.42,11770979.1,4753398.26,1500000,7000000,-11935054.95
2023-01-01,IKOM,Company_Data_Warehouse,19001893.27,15818899.57,6234752.33,1500000,0,-9051758.63
2023-02-01,IKOM,Company_Data_Warehouse,16006723.49,11175029.9,6344027.02,1500000,0,-7512333.43
2023-03-01,IKOM,Company_Data_Warehouse,22218344.48,14312759.1,4334378.37,1500000,0,-2428792.99
2023-04-01,IKOM,Company_Data_Warehouse,22530561.09,19689554.33,5003485.11,1500000,0,-8162478.35
2023-05-01,IKOM,Company_Data_Warehouse,18291646.64,13008237.01,4935497.24,1500000,0,-5652087.61
2023-06-01,IKOM,Company_Data_Warehouse,18694182.11,12382304.35,4733453.78,1500000,0,-4421576.02
2023-07-01,IKOM,Company_Data_Warehouse,18485853.35,12065302.11,3813342.04,1500000,0,-3392790.79
2023-08-01,IKOM,Company_Data_Warehouse,19875731.46,14774678.13,5961664.18,1500000,0,-6860610.84
2023-09-01,IKOM,Company_Data_Warehouse,18487811.0,11921550.21,2945335.58,1500000,0,-2379074.79
2023-10-01,IKOM,Company_Data_Warehouse,18593021.0,11604465.61,2989068.54,1500000,7000000,-9000513.15
2023-11-01,IKOM,Company_Data_Warehouse,22274981.17,15947321.97,3775610.44,1500000,0,-3447951.24
2023-12-01,IKOM,Company_Data_Warehouse,21549966.35,16119480.74,3249919.28,1500000,0,-3819433.67
2021-01-01,CALABAR BEDWELL,Company_Data_Warehouse,21807030.0,14301011.91,3618255.52,1500000,0,-2112237.44
2021-02-01,CALABAR BEDWELL,Company_Data_Warehouse,24787769.03,16889072.4,3227035.05,1500000,0,-1328338.42
2021-03-01,CALABAR BEDWELL,Company_Data_Warehouse,25888956.92,20753614.25,4020259.68,1500000,0,-4884917.0
2021-04-01,CALABAR BEDWELL,Company_Data_Warehouse,20442738.68,15349779.99,3086952.01,1500000,0,-3993993.33
2021-05-01,CALABAR BEDWELL,Company_Data_Warehouse,23638853.24,15467317.61,4537794.45,1500000,0,-2366258.82
2021-06-01,CALABAR BEDWELL,Company_Data_Warehouse,19902297.23,13661352.09,4411863.31,1500000,0,-4170918.17
2021-07-01,CALABAR BEDWELL,Company_Data_Warehouse,21500135.17,17670891.19,5934888.63,1500000,0,-8105644.65
2021-08-01,CALABAR BEDWELL,Company_Data_Warehouse,20483125.18,12408892.05,3720616.13,1500000,0,-1646383.0
2021-09-01,CALABAR BEDWELL,Company_Data_Warehouse,25859093.77,20213240.85,5957271.88,1500000,0,-6311418.96
2021-10-01,CALABAR BEDWELL,Company_Data_Warehouse,22318923.91,19626602.94,5915489.44,1500000,0,-9223168.48
2021-11-01,CALABAR BEDWELL,Company_Data_Warehouse,19035652.59,13143095.26,3531365.34,1500000,7000000,-10638808.01
2021-12-01,CALABAR BEDWELL,Company_Data_Warehouse,26397249.82,17537510.17,4606708.67,1500000,0,-1746969.02
2022-01-01,CALABAR BEDWELL,Company_Data_Warehouse,20777097.42,13174277.84,2780873.73,1500000,0,-1178054.16
2022-02-01,CALABAR BEDWELL,Company_Data_Warehouse,22378062.17,15288401.4,4936240.74,1500000,0,-3846579.97
2022-03-01,CALABAR BEDWELL,Company_Data_Warehouse,25499554.35,16771369.52,4577137.11,1500000,7000000,-8848952.29
2022-04-01,CALABAR BEDWELL,Company_Data_Warehouse,24672481.91,18992922.77,4090824.77,1500000,7000000,-11411265.63
2022-05-01,CALABAR BEDWELL,Company_Data_Warehouse,20056281.88,13566373.51,3292389.27,1500000,0,-2802480.9
2022-06-01,CALABAR BEDWELL,Company_Data_Warehouse,20926600.77,15271710.01,4549664.77,1500000,0,-4894774.02
2022-07-01,CALABAR BEDWELL,Company_Data_Warehouse,21463008.63,14169016.46,4536448.6,1500000,0,-3242456.43
2022-08-01,CALABAR BEDWELL,Company_Data_Warehouse,20770450.11,13308092.77,5255655.57,1500000,0,-3793298.23
2022-09-01,CALABAR BEDWELL,Company_Data_Warehouse,23729055.02,15652775.87,5094510.26,1500000,0,-3018231.11
2022-10-01,CALABAR BEDWELL,Company_Data_Warehouse,27038798.72,18562369.1,3113557.07,1500000,0,-637127.46
2022-11-01,CALABAR BEDWELL,Company_Data_Warehouse,23433950.15,15315842.17,4812533.42,1500000,0,-2694425.43
2022-12-01,CALABAR BEDWELL,Company_Data_Warehouse,20964855.15,16715071.59,5935834.32,1500000,0,-7686050.76
2023-01-01,CALABAR BEDWELL,Company_Data_Warehouse,21371374.98,15095065.13,3710117.03,1500000,0,-3433807.18
2023-02-01,CALABAR BEDWELL,Company_Data_Warehouse,21499208.19,15204803.72,3880107.9,1500000,7000000,-10585703.43
2023-03-01,CALABAR BEDWELL,Company_Data_Warehouse,19298629.96,14423008.85,4734389.21,1500000,0,-5858768.1
2023-04-01,CALABAR BEDWELL,Company_Data_Warehouse,21470306.67,12922127.57,5450507.73,1500000,7000000,-9902328.64
2023-05-01,CALABAR BEDWELL,Company_Data_Warehouse,27101395.91,19352418.74,4589889.08,1500000,0,-2840911.91
2023-06-01,CALABAR BEDWELL,Company_Data_Warehouse,26961831.32,19263518.48,4709793.42,1500000,0,-3011480.59
2023-07-01,CALABAR BEDWELL,Company_Data_Warehouse,22561758.86,18910985.4,4627807.87,1500000,0,-6977034.41
2023-08-01,CALABAR BEDWELL,Company_Data_Warehouse,26874435.61,17541652.65,4265320.86,1500000,0,-932537.9
2023-09-01,CALABAR BEDWELL,Company_Data_Warehouse,20924679.46,14222880.35,6314771.91,1500000,0,-5612972.8
2023-10-01,CALABAR BEDWELL,Company_Data_Warehouse,26125188.74,20295439.85,2950624.75,1500000,7000000,-10120875.87
2023-11-01,CALABAR BEDWELL,Company_Data_Warehouse,23036431.44,13421934.06,3155139.49,1500000,0,459357.89
2023-12-01,CALABAR BEDWELL,Company_Data_Warehouse,19367962.51,14792493.21,4171065.71,1500000,0,-5595596.41
2021-01-01,ABA,Company_Data_Warehouse,38777467.69,22103316.44,4338568.78,1500000,0,6335582.48
2021-02-01,ABA,Company_Data_Warehouse,41564501.4,21157767.62,3277515.86,1500000,0,11129217.92
2021-03-01,ABA,Company_Data_Warehouse,41998685.95,21246191.35,4464193.8,1500000,0,10288300.79
2021-04-01,ABA,Company_Data_Warehouse,42340380.61,22072322.22,3124296.95,1500000,0,11143761.45
2021-05-01,ABA,Company_Data_Warehouse,33733664.33,17294005.39,4104096.49,1500000,0,6335562.45
2021-06-01,ABA,Company_Data_Warehouse,39820303.88,22660724.93,2855837.56,1500000,0,8303741.39
2021-07-01,ABA,Company_Data_Warehouse,39149017.98,20248031.93,2160241.48,1500000,0,10740744.57
2021-08-01,ABA,Company_Data_Warehouse,42421491.39,21140548.36,2655316.78,1500000,0,12625626.24
2021-09-01,ABA,Company_Data_Warehouse,39968955.31,22455878.6,3974015.36,1500000,0,7539061.35
2021-10-01,ABA,Company_Data_Warehouse,43684779.06,20507359.56,4021112.61,1500000,0,13156306.89
2021-11-01,ABA,Company_Data_Warehouse,33255930.78,18694064.42,3959377.81,1500000,7000000,-2397511.44
2021-12-01,ABA,Company_Data_Warehouse,35719833.02,16453177.65,4354461.0,1500000,7000000,1912194.37
2022-01-01,ABA,Company_Data_Warehouse,41447197.46,20549661.43,2970760.72,1500000,0,11926775.31
2022-02-01,ABA,Company_Data_Warehouse,44953229.21,23251090.2,3044468.91,1500000,0,12657670.11
2022-03-01,ABA,Company_Data_Warehouse,41345059.85,21198151.38,3628652.12,1500000,0,10518256.35
2022-04-01,ABA,Company_Data_Warehouse,36493247.85,20667071.77,3799360.03,1500000,0,6026816.06
2022-05-01,ABA,Company_Data_Warehouse,38220237.67,19297232.97,3040688.71,1500000,0,9882315.99
2022-06-01,ABA,Company_Data_Warehouse,39834718.25,19513406.72,2926788.5,1500000,0,11394523.03
2022-07-01,ABA,Company_Data_Warehouse,40388455.45,20633151.6,4299012.48,1500000,7000000,2456291.37
2022-08-01,ABA,Company_Data_Warehouse,33283396.16,18992644.95,4464988.43,1500000,0,3825762.79
2022-09-01,ABA,Company_Data_Warehouse,37788765.53,20344150.98,3651441.26,1500000,0,7793173.29
2022-10-01,ABA,Company_Data_Warehouse,40278244.55,21704316.96,4381634.01,1500000,7000000,1192293.58
2022-11-01,ABA,Company_Data_Warehouse,43243266.67,23664725.45,2849753.2,1500000,0,10728788.02
2022-12-01,ABA,Company_Data_Warehouse,32409962.36,14953805.77,4052198.16,1500000,0,7403958.44
2023-01-01,ABA,Company_Data_Warehouse,37212077.73,19159874.82,2014310.18,1500000,0,10037892.74
2023-02-01,ABA,Company_Data_Warehouse,43642454.19,23499168.02,3689530.12,1500000,0,10453756.05
2023-03-01,ABA,Company_Data_Warehouse,34620910.77,17844697.6,2313948.2,1500000,0,8462264.97
2023-04-01,ABA,Company_Data_Warehouse,42462637.72,22477482.62,3925902.14,1500000,7000000,3059252.95
2023-05-01,ABA,Company_Data_Warehouse,31637981.63,16530131.69,2861949.71,1500000,0,6245900.23
2023-06-01,ABA,Company_Data_Warehouse,43631138.77,21863972.3,3361026.3,1500000,0,12406140.17
2023-07-01,ABA,Company_Data_Warehouse,37047710.48,20944222.05,4051734.16,1500000,0,6051754.27
2023-08-01,ABA,Company_Data_Warehouse,34171716.61,17164238.85,3995855.85,1500000,0,7011621.92
2023-09-01,ABA,Company_Data_Warehouse,40445413.0,21091423.76,3517934.69,1500000,7000000,2836054.54
2023-10-01,ABA,Company_Data_Warehouse,41240719.29,21693198.39,3564799.9,1500000,0,9982721.0
2023-11-01,ABA,Company_Data_Warehouse,39081443.56,20030784.02,3306738.55,1500000,0,9743920.99
2023-12-01,ABA,Company_Data_Warehouse,34949817.2,19515834.69,3099306.58,1500000,0,6334675.93
2021-01-01,LAGOS (MAZAMAZA),Company_Data_Warehouse,51098797.69,26638991.03,2589869.65,1500000,0,15869937.0
2021-02-01,LAGOS (MAZAMAZA),Company_Data_Warehouse,56545988.89,27073807.18,3813038.02,1500000,7000000,12659143.7
2021-03-01,LAGOS (MAZAMAZA),Company_Data_Warehouse,55169351.97,30491217.31,3140588.05,1500000,0,15537546.61
2021-04-01,LAGOS (MAZAMAZA),Company_Data_Warehouse,60114866.27,33010431.23,2367960.2,1500000,0,18736474.84
2021-05-01,LAGOS (MAZAMAZA),Company_Data_Warehouse,55982666.25,25712347.17,2603983.61,1500000,0,21666335.47
2021-06-01,LAGOS (MAZAMAZA),Company_Data_Warehouse,55439642.78,30358166.88,2495145.14,1500000,0,16586330.76
2021-07-01,LAGOS (MAZAMAZA),Company_Data_Warehouse,59520057.93,28599190.96,4161484.88,1500000,0,20759382.1
2021-08-01,LAGOS (MAZAMAZA),Company_Data_Warehouse,61125490.48,30394524.79,2708030.77,1500000,0,22022934.92
2021-09-01,LAGOS (MAZAMAZA),Company_Data_Warehouse,48617640.67,24883311.27,4325618.94,1500000,0,13408710.46
2021-10-01,LAGOS (MAZAMAZA),Company_Data_Warehouse,58089429.37,31640997.21,3297282.79,1500000,0,17151149.37
2021-11-01,LAGOS (MAZAMAZA),Company_Data_Warehouse,48012045.86,21980823.61,4090182.31,1500000,0,15941039.94
2021-12-01,LAGOS (MAZAMAZA),Company_Data_Warehouse,58846234.79,31146625.21,3026245.68,1500000,7000000,11673363.91
2022-01-01,LAGOS (MAZAMAZA),Company_Data_Warehouse,54530450.64,28772612.82,3631813.44,1500000,7000000,9126024.38
2022-02-01,LAGOS (MAZAMAZA),Company_Data_Warehouse,56936039.99,31334668.49,4192424.5,1500000,0,15408947.0
2022-03-01,LAGOS (MAZAMAZA),Company_Data_Warehouse,61096777.84,29358496.99,3301569.38,1500000,0,22436711.47
2022-04-01,LAGOS (MAZAMAZA),Company_Data_Warehouse,56299038.82,26606141.34,3895465.34,1500000,0,19797432.14
2022-05-01,LAGOS (MAZAMAZA),Company_Data_Warehouse,54841333.28,28280635.51,2252664.75,1500000,0,18308033.02
2022-06-01,LAGOS (MAZAMAZA),Company_Data_Warehouse,54150355.38,27111030.41,3419028.71,1500000,7000000,10620296.26
2022-07-01,LAGOS (MAZAMAZA),Company_Data_Warehouse,60539498.06,34471320.11,2859371.96,1500000,7000000,10208805.99
2022-08-01,LAGOS (MAZAMAZA),Company_Data_Warehouse,58326522.63,29694150.22,3429186.51,1500000,0,19203185.91
2022-09-01,LAGOS (MAZAMAZA),Company_Data_Warehouse,53765066.82,29738328.6,4205171.1,1500000,7000000,6821567.11
2022-10-01,LAGOS (MAZAMAZA),Company_Data_Warehouse,61322642.71,28763123.74,3429292.95,1500000,0,23130226.02
2022-11-01,LAGOS (MAZAMAZA),Company_Data_Warehouse,54427160.06,24900065.43,3450002.75,1500000,7000000,13077091.88
2022-12-01,LAGOS (MAZAMAZA),Company_Data_Warehouse,47305332.79,26983033.1,4129212.96,1500000,0,10193086.73
2023-01-01,LAGOS (MAZAMAZA),Company_Data_Warehouse,49615154.69,26483381.89,4297356.49,1500000,0,12834416.31
2023-02-01,LAGOS (MAZAMAZA),Company_Data_Warehouse,50957060.75,29028920.87,4281452.35,1500000,0,11646687.53
2023-03-01,LAGOS (MAZAMAZA),Company_Data_Warehouse,62580419.08,34671991.85,2774171.35,1500000,0,19134255.88
2023-04-01,LAGOS (MAZAMAZA),Company_Data_Warehouse,60078027.05,27657812.43,4332375.46,1500000,0,22087839.16
2023-05-01,LAGOS (MAZAMAZA),Company_Data_Warehouse,51807839.18,29313586.91,3190548.02,1500000,0,13303704.25
2023-06-01,LAGOS (MAZAMAZA),Company_Data_Warehouse,57635723.05,31707877.65,2382009.91,1500000,7000000,10545835.48
2023-07-01,LAGOS (MAZAMAZA),Company_Data_Warehouse,53152446.86,28579937.24,2743877.03,1500000,7000000,8828632.59
2023-08-01,LAGOS (MAZAMAZA),Company_Data_Warehouse,60288908.47,31385697.29,2210217.76,1500000,0,20692993.42
2023-09-01,LAGOS (MAZAMAZA),Company_Data_Warehouse,59206990.2,32026709.48,3487973.54,1500000,0,17692307.18
2023-10-01,LAGOS (MAZAMAZA),Company_Data_Warehouse,52567884.51,29848366.62,2149990.02,1500000,0,14569527.87
2023-11-01,LAGOS (MAZAMAZA),Company_Data_Warehouse,46492002.92,23047889.12,3423338.27,1500000,0,14020775.53
2023-12-01,LAGOS (MAZAMAZA),Company_Data_Warehouse,57109984.27,29112140.88,2465609.66,1500000,0,19532233.73
2021-01-01,ABUJA (UTAKO),Company_Data_Warehouse,52123057.7,27492865.74,2718402.59,1500000,0,15911789.38
2021-02-01,ABUJA (UTAKO),Company_Data_Warehouse,46926118.64,24378973.82,2037661.78,1500000,0,14509483.04
2021-03-01,ABUJA (UTAKO),Company_Data_Warehouse,53128285.08,27493461.3,3864556.35,1500000,0,15770267.44
2021-04-01,ABUJA (UTAKO),Company_Data_Warehouse,44226489.19,24226526.17,3808049.91,1500000,7000000,3191913.11
2021-05-01,ABUJA (UTAKO),Company_Data_Warehouse,48107367.96,25881223.28,2185934.04,1500000,7000000,7040210.65
2021-06-01,ABUJA (UTAKO),Company_Data_Warehouse,44549954.52,22873716.31,2567161.34,1500000,0,13109076.88
2021-07-01,ABUJA (UTAKO),Company_Data_Warehouse,61193375.48,30740280.35,3499004.7,1500000,0,20954090.43
2021-08-01,ABUJA (UTAKO),Company_Data_Warehouse,54166620.15,30362901.37,3679318.35,1500000,0,14124400.42
2021-09-01,ABUJA (UTAKO),Company_Data_Warehouse,53913129.68,26556461.55,2245384.98,1500000,0,19111283.15
2021-10-01,ABUJA (UTAKO),Company_Data_Warehouse,45420900.48,21551385.18,2693580.53,1500000,7000000,8175934.77
2021-11-01,ABUJA (UTAKO),Company_Data_Warehouse,48489136.17,24623117.44,3878528.73,1500000,0,13987489.99
2021-12-01,ABUJA (UTAKO),Company_Data_Warehouse,56212189.96,29805977.95,4244925.63,1500000,0,16161286.38
2022-01-01,ABUJA (UTAKO),Company_Data_Warehouse,55840694.94,27743514.47,2410186.01,1500000,0,19686994.46
2022-02-01,ABUJA (UTAKO),Company_Data_Warehouse,61158262.73,32890041.9,3680736.96,1500000,0,18587483.86
2022-03-01,ABUJA (UTAKO),Company_Data_Warehouse,58328539.04,32505053.71,4323868.28,1500000,0,15499617.04
2022-04-01,ABUJA (UTAKO),Company_Data_Warehouse,57398172.6,30500031.45,2074773.48,1500000,7000000,11823367.67
2022-05-01,ABUJA (UTAKO),Company_Data_Warehouse,47949223.55,23006723.75,3364869.65,1500000,0,15577630.15
2022-06-01,ABUJA (UTAKO),Company_Data_Warehouse,47652735.8,22808043.53,4346864.64,1500000,0,14497827.64
2022-07-01,ABUJA (UTAKO),Company_Data_Warehouse,56078037.99,30608087.04,4483384.92,1500000,0,14986566.03
2022-08-01,ABUJA (UTAKO),Company_Data_Warehouse,57119679.9,30208781.96,3201990.36,1500000,0,17708907.58
2022-09-01,ABUJA (UTAKO),Company_Data_Warehouse,43439665.77,19980303.02,3556185.6,1500000,0,13903177.15
2022-10-01,ABUJA (UTAKO),Company_Data_Warehouse,47424654.66,25337429.67,3837023.97,1500000,0,12250201.02
2022-11-01,ABUJA (UTAKO),Company_Data_Warehouse,58388235.37,33101995.3,2390730.28,1500000,7000000,9895509.79
2022-12-01,ABUJA (UTAKO),Company_Data_Warehouse,50168178.22,25499617.81,4119253.38,1500000,0,14549307.04
2023-01-01,ABUJA (UTAKO),Company_Data_Warehouse,58215999.48,30946243.63,3385651.4,1500000,0,17884104.45
2023-02-01,ABUJA (UTAKO),Company_Data_Warehouse,51366228.88,25481373.9,4281578.04,1500000,0,15603276.95
2023-03-01,ABUJA (UTAKO),Company_Data_Warehouse,43915342.81,24524136.52,3841545.72,1500000,0,9549660.57
2023-04-01,ABUJA (UTAKO),Company_Data_Warehouse,58535863.14,31227922.94,2653623.14,1500000,0,18654317.06
2023-05-01,ABUJA (UTAKO),Company_Data_Warehouse,44787317.22,21467601.45,2710783.23,1500000,0,14608932.54
2023-06-01,ABUJA (UTAKO),Company_Data_Warehouse,53911933.63,30527515.67,4008832.48,1500000,0,13375585.48
2023-07-01,ABUJA (UTAKO),Company_Data_Warehouse,49884547.98,27910212.24,2778705.18,1500000,7000000,6195630.56
2023-08-01,ABUJA (UTAKO),Company_Data_Warehouse,51972368.28,24476528.86,2836630.24,1500000,0,18659209.18
2023-09-01,ABUJA (UTAKO),Company_Data_Warehouse,48835798.97,22848257.99,2684773.95,1500000,0,17302767.03
2023-10-01,ABUJA (UTAKO),Company_Data_Warehouse,50935242.33,27172401.11,4078651.46,1500000,0,13684189.76
2023-11-01,ABUJA (UTAKO),Company_Data_Warehouse,48104827.62,24554387.27,2894565.7,1500000,7000000,7655874.65
2023-12-01,ABUJA (UTAKO),Company_Data_Warehouse,43026564.17,23729670.1,3395688.26,1500000,0,9901205.8
2021-01-01,PHC,Company_Data_Warehouse,42730826.56,23008472.4,2130145.03,1500000,0,11592209.12
2021-02-01,PHC,Company_Data_Warehouse,50745480.33,25837335.37,3680774.37,1500000,7000000,8227370.59
2021-03-01,PHC,Company_Data_Warehouse,58572267.63,32422592.51,2605476.63,1500000,0,17544198.49
2021-04-01,PHC,Company_Data_Warehouse,53371621.1,26401539.64,3072439.9,1500000,0,17897641.57
2021-05-01,PHC,Company_Data_Warehouse,46271730.65,25719463.27,2509191.72,1500000,0,12043075.65
2021-06-01,PHC,Company_Data_Warehouse,54735488.9,26201032.01,3219244.43,1500000,0,19315212.47
2021-07-01,PHC,Company_Data_Warehouse,52087119.76,26756048.82,2148752.53,1500000,7000000,10182318.41
2021-08-01,PHC,Company_Data_Warehouse,42958141.15,22355898.79,2837878.65,1500000,7000000,4764363.71
2021-09-01,PHC,Company_Data_Warehouse,52315096.71,27943608.75,2232674.04,1500000,0,16138813.92
2021-10-01,PHC,Company_Data_Warehouse,60482104.0,34367431.49,2021772.4,1500000,0,18092900.11
2021-11-01,PHC,Company_Data_Warehouse,47234419.56,25588304.41,4313023.07,1500000,0,11333092.08
2021-12-01,PHC,Company_Data_Warehouse,56980372.1,29658058.03,3032205.75,1500000,0,18290108.32
2022-01-01,PHC,Company_Data_Warehouse,58935343.38,29660058.65,3902248.77,1500000,0,19373035.96
2022-02-01,PHC,Company_Data_Warehouse,47161159.92,26658885.43,2498665.06,1500000,0,12003609.44
2022-03-01,PHC,Company_Data_Warehouse,48673306.56,25275301.08,2327350.36,1500000,0,15070655.13
2022-04-01,PHC,Company_Data_Warehouse,57413572.99,30949024.94,2479932.71,1500000,7000000,10984615.34
2022-05-01,PHC,Company_Data_Warehouse,57289488.32,30487424.29,2291405.93,1500000,0,18510658.1
2022-06-01,PHC,Company_Data_Warehouse,58949350.03,32398707.57,2863021.91,1500000,0,17687620.55
2022-07-01,PHC,Company_Data_Warehouse,50348647.2,26146596.1,3703179.2,1500000,0,14498871.9
2022-08-01,PHC,Company_Data_Warehouse,53197174.5,25527439.98,2640977.41,1500000,7000000,12028757.11
2022-09-01,PHC,Company_Data_Warehouse,44674177.12,21564860.31,2799729.66,1500000,0,14309587.16
2022-10-01,PHC,Company_Data_Warehouse,50930022.96,25792995.53,3291376.52,1500000,0,15845650.9
2022-11-01,PHC,Company_Data_Warehouse,57804215.55,28433305.55,3981427.29,1500000,0,19389482.71
2022-12-01,PHC,Company_Data_Warehouse,52552102.55,25751124.84,2243492.49,1500000,7000000,11557485.22
2023-01-01,PHC,Company_Data_Warehouse,54032103.11,25972492.73,3661903.35,1500000,7000000,11397707.02
2023-02-01,PHC,Company_Data_Warehouse,45822368.7,25820396.1,3283843.03,1500000,0,10718129.58
2023-03-01,PHC,Company_Data_Warehouse,58956002.19,27114339.09,3166105.12,1500000,0,22675557.98
2023-04-01,PHC,Company_Data_Warehouse,46932421.34,22891524.76,2989520.38,1500000,0,15051376.2
2023-05-01,PHC,Company_Data_Warehouse,55547701.81,29333391.62,2558578.33,1500000,0,17655731.85
2023-06-01,PHC,Company_Data_Warehouse,46329554.65,23926381.09,2497859.08,1500000,0,13905314.48
2023-07-01,PHC,Company_Data_Warehouse,60209469.78,28252904.6,2485285.39,1500000,0,23471279.79
2023-08-01,PHC,Company_Data_Warehouse,56671875.64,27234288.11,4440131.54,1500000,0,18997455.99
2023-09-01,PHC,Company_Data_Warehouse,46824712.34,26114609.55,2579494.61,1500000,0,12130608.18
2023-10-01,PHC,Company_Data_Warehouse,52780257.3,29440791.68,3671645.18,1500000,0,13667820.43
2023-11-01,PHC,Company_Data_Warehouse,46220039.51,22066609.15,2542827.98,1500000,0,15610602.38
2023-12-01,PHC,Company_Data_Warehouse,55776971.75,26503052.9,2072460.55,1500000,0,21201458.3
2021-01-01,KADUNA,Company_Data_Warehouse,45453787.41,25775998.81,2602898.18,1500000,0,11074890.42
2021-02-01,KADUNA,Company_Data_Warehouse,39352979.25,21585360.85,2441304.25,1500000,0,9326314.15
2021-03-01,KADUNA,Company_Data_Warehouse,41046301.22,23267056.65,3809626.44,1500000,0,7969618.13
2021-04-01,KADUNA,Company_Data_Warehouse,42593303.92,23765289.52,3428558.23,1500000,0,9399456.17
2021-05-01,KADUNA,Company_Data_Warehouse,35397535.72,16732491.15,3504294.54,1500000,0,9160750.03
2021-06-01,KADUNA,Company_Data_Warehouse,34928212.08,17944950.86,3309315.93,1500000,0,7673945.29
2021-07-01,KADUNA,Company_Data_Warehouse,40025812.35,18629049.12,3317384.95,1500000,0,12079378.28
2021-08-01,KADUNA,Company_Data_Warehouse,42945355.93,19928953.74,3119418.25,1500000,0,13896983.94
2021-09-01,KADUNA,Company_Data_Warehouse,37204997.94,17659454.6,2507018.01,1500000,0,11038525.32
2021-10-01,KADUNA,Company_Data_Warehouse,45141707.78,23784633.0,3914495.03,1500000,0,11442579.75
2021-11-01,KADUNA,Company_Data_Warehouse,33450016.02,15885856.82,4071785.86,1500000,0,7492373.33
2021-12-01,KADUNA,Company_Data_Warehouse,40900747.05,20722193.6,4327024.57,1500000,0,9851528.88
2022-01-01,KADUNA,Company_Data_Warehouse,34771132.21,18900966.75,3906819.72,1500000,7000000,-1036654.26
2022-02-01,KADUNA,Company_Data_Warehouse,41611851.66,21361340.82,4420322.57,1500000,0,9830188.27
2022-03-01,KADUNA,Company_Data_Warehouse,44276954.07,20869653.91,4475577.23,1500000,7000000,5931722.94
2022-04-01,KADUNA,Company_Data_Warehouse,43982625.52,25020358.08,3319171.59,1500000,0,9643095.86
2022-05-01,KADUNA,Company_Data_Warehouse,38755585.15,19670533.23,2202661.36,1500000,7000000,3882390.56
2022-06-01,KADUNA,Company_Data_Warehouse,44623047.7,24591837.52,3640914.05,1500000,0,10390296.14
2022-07-01,KADUNA,Company_Data_Warehouse,41551797.83,23576678.68,2619002.56,1500000,0,9356116.59
2022-08-01,KADUNA,Company_Data_Warehouse,36876950.25,17047193.81,4215657.7,1500000,7000000,2614098.74
2022-09-01,KADUNA,Company_Data_Warehouse,35140145.76,17859800.54,2521865.79,1500000,0,8758479.42
2022-10-01,KADUNA,Company_Data_Warehouse,38755563.48,21376168.28,2615301.6,1500000,7000000,1764093.6
2022-11-01,KADUNA,Company_Data_Warehouse,37014809.11,19977314.52,3451419.1,1500000,0,7586075.48
2022-12-01,KADUNA,Company_Data_Warehouse,40673298.89,20032248.88,2310535.1,1500000,0,12330514.91
2023-01-01,KADUNA,Company_Data_Warehouse,43512011.03,20954241.5,3372302.22,1500000,0,13185467.31
2023-02-01,KADUNA,Company_Data_Warehouse,45287166.96,23884577.8,3610834.45,1500000,0,11791754.71
2023-03-01,KADUNA,Company_Data_Warehouse,42346954.31,22364611.37,3663126.24,1500000,0,10319216.71
2023-04-01,KADUNA,Company_Data_Warehouse,40966264.48,22718926.38,3152731.87,1500000,0,9094606.24
2023-05-01,KADUNA,Company_Data_Warehouse,34363869.04,16993538.89,4050225.66,1500000,0,7320104.48
2023-06-01,KADUNA,Company_Data_Warehouse,39409575.71,18681850.64,2659400.99,1500000,7000000,5068324.08
2023-07-01,KADUNA,Company_Data_Warehouse,40426809.2,21973506.21,3268919.17,1500000,0,9184383.81
2023-08-01,KADUNA,Company_Data_Warehouse,45052967.32,24569801.94,3043500.42,1500000,0,11439664.96
2023-09-01,KADUNA,Company_Data_Warehouse,38205476.09,18499381.76,3457049.81,1500000,0,10249044.53
2023-10-01,KADUNA,Company_Data_Warehouse,42284652.09,22385637.11,2720040.31,1500000,0,11178974.67
2023-11-01,KADUNA,Company_Data_Warehouse,43167723.76,24660566.73,2130889.64,1500000,0,10376267.39
2023-12-01,KADUNA,Company_Data_Warehouse,35789993.21,18064608.07,3530564.74,1500000,0,8194820.4
2021-01-01,KANO,Company_Data_Warehouse,37353476.11,20937039.2,4000220.75,1500000,7000000,-583783.84
2021-02-01,KANO,Company_Data_Warehouse,36625595.06,16986906.67,2667365.69,1500000,0,10971322.7
2021-03-01,KANO,Company_Data_Warehouse,36667171.75,17610409.04,3131614.79,1500000,0,9925147.92
2021-04-01,KANO,Company_Data_Warehouse,43447275.94,22098825.1,4144392.0,1500000,0,11204058.84
2021-05-01,KANO,Company_Data_Warehouse,38285800.32,19851725.32,2924403.58,1500000,0,9509671.41
2021-06-01,KANO,Company_Data_Warehouse,33249550.99,17045782.25,3970921.28,1500000,7000000,-767152.54
2021-07-01,KANO,Company_Data_Warehouse,35999586.11,17531683.48,2293405.39,1500000,0,10174497.25
2021-08-01,KANO,Company_Data_Warehouse,37056835.5,20709291.91,4362326.24,1500000,0,5985217.35
2021-09-01,KANO,Company_Data_Warehouse,33617683.95,15380303.35,3442120.64,1500000,0,8795259.97
2021-10-01,KANO,Company_Data_Warehouse,44428420.61,21544684.59,3526441.44,1500000,0,13357294.59
2021-11-01,KANO,Company_Data_Warehouse,42719638.89,24054485.61,3599772.92,1500000,0,9065380.36
2021-12-01,KANO,Company_Data_Warehouse,36543058.5,20646547.63,4338461.87,1500000,0,5558049.0
2022-01-01,KANO,Company_Data_Warehouse,32259822.54,16249695.58,3985339.3,1500000,0,6024787.66
2022-02-01,KANO,Company_Data_Warehouse,43035436.15,19827710.6,3896264.17,1500000,0,13311461.38
2022-03-01,KANO,Company_Data_Warehouse,40238937.83,19550234.63,3590386.61,1500000,0,11098316.6
2022-04-01,KANO,Company_Data_Warehouse,45416116.52,24812778.43,2450557.36,1500000,0,12152780.72
2022-05-01,KANO,Company_Data_Warehouse,42353558.64,21935666.0,2876975.11,1500000,0,11540917.53
2022-06-01,KANO,Company_Data_Warehouse,44901762.55,23432721.9,2046356.5,1500000,0,13422684.15
2022-07-01,KANO,Company_Data_Warehouse,37328232.07,19931532.29,3721183.47,1500000,0,7675516.3
2022-08-01,KANO,Company_Data_Warehouse,43776535.45,20528178.14,3422806.56,1500000,0,13825550.75
2022-09-01,KANO,Company_Data_Warehouse,32198150.89,15025667.25,3704751.99,1500000,0,7467731.66
2022-10-01,KANO,Company_Data_Warehouse,43018565.65,21993849.2,3474417.19,1500000,0,11550299.25
2022-11-01,KANO,Company_Data_Warehouse,43268226.35,23176126.21,3675790.13,1500000,0,10416310.01
2022-12-01,KANO,Company_Data_Warehouse,34760546.38,19844870.39,3756081.54,1500000,0,5159594.45
2023-01-01,KANO,Company_Data_Warehouse,40521680.42,21636445.47,2042564.78,1500000,7000000,3842670.18
2023-02-01,KANO,Company_Data_Warehouse,40832715.4,22565382.64,3361512.92,1500000,0,8905819.84
2023-03-01,KANO,Company_Data_Warehouse,39855731.42,20190997.11,2795009.56,1500000,0,10869724.75
2023-04-01,KANO,Company_Data_Warehouse,31743348.75,16551706.25,3233847.12,1500000,7000000,-1042204.61
2023-05-01,KANO,Company_Data_Warehouse,34698240.48,18521739.88,3524299.27,1500000,7000000,-347798.67
2023-06-01,KANO,Company_Data_Warehouse,43777984.92,23962327.55,4428553.69,1500000,0,9387103.68
2023-07-01,KANO,Company_Data_Warehouse,38460052.82,19851116.78,3212553.44,1500000,0,9396382.59
2023-08-01,KANO,Company_Data_Warehouse,35107145.89,19206172.55,4139077.34,1500000,0,5761896.0
2023-09-01,KANO,Company_Data_Warehouse,43098105.82,20168434.19,4088648.89,1500000,0,12841022.74
2023-10-01,KANO,Company_Data_Warehouse,38793470.65,18618163.62,2540384.49,1500000,0,11634922.53
2023-11-01,KANO,Company_Data_Warehouse,34106222.15,18601638.13,4368569.78,1500000,0,5136014.24
2023-12-01,KANO,Company_Data_Warehouse,38679982.23,21424735.46,2872910.21,1500000,0,8382336.56
2021-01-01,IBADAN,Company_Data_Warehouse,45429708.06,25885749.91,3828354.64,1500000,0,9715603.51
2021-02-01,IBADAN,Company_Data_Warehouse,32328293.09,16379306.06,2897796.35,1500000,0,7051190.68
2021-03-01,IBADAN,Company_Data_Warehouse,37123987.93,19489291.23,4403978.42,1500000,0,7230718.28
2021-04-01,IBADAN,Company_Data_Warehouse,38736437.71,18256612.08,2199941.5,1500000,0,12279884.13
2021-05-01,IBADAN,Company_Data_Warehouse,34512382.19,18354946.61,2909166.03,1500000,7000000,248269.54
2021-06-01,IBADAN,Company_Data_Warehouse,40432247.83,21139078.11,4033375.52,1500000,7000000,2259794.2
2021-07-01,IBADAN,Company_Data_Warehouse,34564141.0,17337903.31,3636258.96,1500000,0,7589978.73
2021-08-01,IBADAN,Company_Data_Warehouse,41718615.34,20664245.95,4002998.53,1500000,7000000,4051370.85
2021-09-01,IBADAN,Company_Data_Warehouse,41398249.59,19979083.79,3573648.75,1500000,0,11845517.05
2021-10-01,IBADAN,Company_Data_Warehouse,33208832.06,16859607.71,3379642.61,1500000,0,6969581.73
2021-11-01,IBADAN,Company_Data_Warehouse,41423081.91,22143222.04,2693620.5,1500000,7000000,3586239.37
2021-12-01,IBADAN,Company_Data_Warehouse,32912820.53,15121479.66,3623593.34,1500000,7000000,1167747.53
2022-01-01,IBADAN,Company_Data_Warehouse,31779510.75,17122609.41,3411272.58,1500000,7000000,-1754371.24
2022-02-01,IBADAN,Company_Data_Warehouse,40616571.16,20904263.51,3198607.8,1500000,0,10513699.86
2022-03-01,IBADAN,Company_Data_Warehouse,33454349.29,15528851.71,3365233.22,1500000,0,8560264.36
2022-04-01,IBADAN,Company_Data_Warehouse,40265115.5,22556114.43,4153649.12,1500000,0,7555351.95
2022-05-01,IBADAN,Company_Data_Warehouse,38259981.27,21755234.73,3095638.07,1500000,0,7409108.47
2022-06-01,IBADAN,Company_Data_Warehouse,37547650.99,20729359.13,4376335.34,1500000,0,6441956.52
2022-07-01,IBADAN,Company_Data_Warehouse,43968797.82,21071700.36,4379680.31,1500000,0,12517417.14
2022-08-01,IBADAN,Company_Data_Warehouse,36068107.32,20565315.08,3597486.56,1500000,0,5905305.68
2022-09-01,IBADAN,Company_Data_Warehouse,34237546.5,16528305.92,2668297.3,1500000,0,9040943.27
2022-10-01,IBADAN,Company_Data_Warehouse,31676243.66,16509426.58,3520499.66,1500000,0,5646317.41
2022-11-01,IBADAN,Company_Data_Warehouse,36090321.24,17487364.68,4492236.51,1500000,0,8110720.04
2022-12-01,IBADAN,Company_Data_Warehouse,36839336.48,18228148.86,2664605.72,1500000,0,9946581.9
2023-01-01,IBADAN,Company_Data_Warehouse,36948005.02,19281278.08,2034576.09,1500000,0,9632150.85
2023-02-01,IBADAN,Company_Data_Warehouse,32768278.75,16773505.14,4234908.16,1500000,0,5759865.44
2023-03-01,IBADAN,Company_Data_Warehouse,38411845.88,18517089.52,3674605.3,1500000,0,10220151.06
2023-04-01,IBADAN,Company_Data_Warehouse,43650986.19,22083749.56,2495102.92,1500000,0,13072133.71
2023-05-01,IBADAN,Company_Data_Warehouse,44528175.69,22726990.0,2921269.51,1500000,7000000,5879916.18
2023-06-01,IBADAN,Company_Data_Warehouse,33774568.94,16119032.09,4405686.1,1500000,7000000,249850.75
2023-07-01,IBADAN,Company_Data_Warehouse,34257511.23,19377692.45,3117575.68,1500000,0,5762243.1
2023-08-01,IBADAN,Company_Data_Warehouse,31542750.16,16197300.39,3562236.0,1500000,0,5783213.77
2023-09-01,IBADAN,Company_Data_Warehouse,39949341.43,19830530.92,3290848.51,1500000,0,10827962.0
2023-10-01,IBADAN,Company_Data_Warehouse,45358762.26,22720475.07,3456827.91,1500000,0,13181459.28
2023-11-01,IBADAN,Company_Data_Warehouse,33517203.75,16606377.9,2183564.93,1500000,0,8727260.92
2023-12-01,IBADAN,Company_Data_Warehouse,39777571.57,20606080.98,2265440.01,1500000,0,10906050.58
2021-01-01,JOS,Company_Data_Warehouse,15913614.51,11893305.94,5490925.31,1500000,0,-7470616.73
2021-02-01,JOS,Company_Data_Warehouse,18457370.68,14175778.08,4757981.09,1500000,0,-6476388.49
2021-03-01,JOS,Company_Data_Warehouse,22591723.46,14767751.18,3299242.9,1500000,0,-1475270.63
2021-04-01,JOS,Company_Data_Warehouse,20675221.08,14165240.32,3442275.54,1500000,0,-2932294.78
2021-05-01,JOS,Company_Data_Warehouse,22354834.77,14540602.73,3868704.92,1500000,7000000,-9054472.88
2021-06-01,JOS,Company_Data_Warehouse,17242538.41,14619602.08,4120600.87,1500000,0,-7497664.54
2021-07-01,JOS,Company_Data_Warehouse,22000878.04,14613326.89,4922718.51,1500000,7000000,-10535167.36
2021-08-01,JOS,Company_Data_Warehouse,19842696.67,13447651.84,5731404.91,1500000,0,-5336360.07
2021-09-01,JOS,Company_Data_Warehouse,17662912.03,12881200.75,3108287.97,1500000,0,-4326576.69
2021-10-01,JOS,Company_Data_Warehouse,16683232.2,12682078.66,3581969.42,1500000,0,-5580815.87
2021-11-01,JOS,Company_Data_Warehouse,19406481.68,13172044.82,3501470.01,1500000,7000000,-10267033.16
2021-12-01,JOS,Company_Data_Warehouse,18661564.0,12417131.67,2660562.97,1500000,0,-2416130.64
2022-01-01,JOS,Company_Data_Warehouse,22488152.37,12971379.61,3028981.16,1500000,0,487791.6
2022-02-01,JOS,Company_Data_Warehouse,22615084.4,18129920.45,3562758.27,1500000,0,-5077594.32
2022-03-01,JOS,Company_Data_Warehouse,19782618.24,13429330.78,2900232.78,1500000,0,-2546945.32
2022-04-01,JOS,Company_Data_Warehouse,19741342.25,16340271.77,4889979.34,1500000,0,-7488908.86
2022-05-01,JOS,Company_Data_Warehouse,16954396.31,14416523.69,4632556.23,1500000,0,-8094683.61
2022-06-01,JOS,Company_Data_Warehouse,16783504.2,12134748.36,5734128.83,1500000,0,-7085372.98
2022-07-01,JOS,Company_Data_Warehouse,18490026.07,15655446.89,4925698.82,1500000,7000000,-15091119.64
2022-08-01,JOS,Company_Data_Warehouse,21505279.57,16283536.09,5554501.1,1500000,0,-6332757.62
2022-09-01,JOS,Company_Data_Warehouse,16480729.33,10995876.91,4315348.29,1500000,0,-4830495.87
2022-10-01,JOS,Company_Data_Warehouse,22674187.37,14441396.76,3371224.15,1500000,0,-1138433.53
2022-11-01,JOS,Company_Data_Warehouse,21152783.72,18246595.71,4096563.51,1500000,0,-7190375.5
2022-12-01,JOS,Company_Data_Warehouse,19782445.05,13087943.66,3710147.41,1500000,0,-3015646.02
2023-01-01,JOS,Company_Data_Warehouse,17255744.63,15483740.64,5874468.42,1500000,7000000,-17102464.43
2023-02-01,JOS,Company_Data_Warehouse,21857118.32,14649323.06,4379954.87,1500000,0,-3172159.61
2023-03-01,JOS,Company_Data_Warehouse,21837761.38,15637175.81,3370414.12,1500000,7000000,-10169828.55
2023-04-01,JOS,Company_Data_Warehouse,17360418.07,14461272.59,5670681.78,1500000,0,-8771536.3
2023-05-01,JOS,Company_Data_Warehouse,21871977.68,15485334.93,4251530.25,1500000,0,-3864887.5
2023-06-01,JOS,Company_Data_Warehouse,17409882.08,15152864.31,3284736.22,1500000,0,-7027718.45
2023-07-01,JOS,Company_Data_Warehouse,18101323.6,11523598.27,2468425.95,1500000,0,-1890700.62
2023-08-01,JOS,Company_Data_Warehouse,18131594.07,13712903.05,3847950.39,1500000,0,-5429259.36
2023-09-01,JOS,Company_Data_Warehouse,20159228.56,13035367.48,5058132.4,1500000,0,-3934271.32
2023-10-01,JOS,Company_Data_Warehouse,20809813.97,14344410.75,3246661.2,1500000,0,-2781257.98
2023-11-01,JOS,Company_Data_Warehouse,15834942.27,12836716.89,5361923.11,1500000,0,-8363697.73
2023-12-01,JOS,Company_Data_Warehouse,19667534.62,13200631.58,5091295.93,1500000,7000000,-11624392.89
2021-01-01,MAKURDI,Company_Data_Warehouse,37238863.32,20533138.67,3204984.78,1500000,0,7500739.87
2021-02-01,MAKURDI,Company_Data_Warehouse,39184449.87,22311812.61,2658047.94,1500000,0,8214589.32
2021-03-01,MAKURDI,Company_Data_Warehouse,39499304.53,20453786.22,2812365.59,1500000,7000000,3233152.72
2021-04-01,MAKURDI,Company_Data_Warehouse,35716810.37,18786456.0,2736521.47,1500000,7000000,1193832.91
2021-05-01,MAKURDI,Company_Data_Warehouse,39637567.02,18763004.64,4494890.56,1500000,0,10379671.82
2021-06-01,MAKURDI,Company_Data_Warehouse,39064611.7,19556924.73,3700332.12,1500000,7000000,2807354.85
2021-07-01,MAKURDI,Company_Data_Warehouse,40724621.99,18735052.47,2035216.8,1500000,0,13954352.71
2021-08-01,MAKURDI,Company_Data_Warehouse,31853630.04,15188520.6,3634480.09,1500000,0,7030629.35
2021-09-01,MAKURDI,Company_Data_Warehouse,34644739.61,17637531.9,4463457.16,1500000,7000000,-456249.45
2021-10-01,MAKURDI,Company_Data_Warehouse,36007284.03,18562410.73,2105795.06,1500000,0,9339078.24
2021-11-01,MAKURDI,Company_Data_Warehouse,39687674.63,19556511.1,3506729.61,1500000,7000000,3624433.92
2021-12-01,MAKURDI,Company_Data_Warehouse,37493919.17,17251791.5,3164967.94,1500000,0,11077159.72
2022-01-01,MAKURDI,Company_Data_Warehouse,34411818.08,16660369.22,3784461.12,1500000,0,7966987.73
2022-02-01,MAKURDI,Company_Data_Warehouse,32929700.45,15894196.73,3113658.38,1500000,0,7921845.34
2022-03-01,MAKURDI,Company_Data_Warehouse,34801815.44,16949523.37,2757630.42,1500000,0,9094661.65
2022-04-01,MAKURDI,Company_Data_Warehouse,43994272.01,23012354.36,4032869.27,1500000,0,10949048.38
2022-05-01,MAKURDI,Company_Data_Warehouse,36671820.91,17485490.83,2082786.99,1500000,0,11103543.08
2022-06-01,MAKURDI,Company_Data_Warehouse,43674070.64,24637139.27,4436203.15,1500000,0,8600728.22
2022-07-01,MAKURDI,Company_Data_Warehouse,36806795.64,18472903.81,3818533.11,1500000,0,8515358.72
2022-08-01,MAKURDI,Company_Data_Warehouse,40211326.9,19954200.24,3668879.7,1500000,0,10588246.95
2022-09-01,MAKURDI,Company_Data_Warehouse,39435567.03,18928890.02,2095032.26,1500000,0,12411644.75
2022-10-01,MAKURDI,Company_Data_Warehouse,42166960.53,23092587.09,3508848.92,1500000,7000000,2565524.52
2022-11-01,MAKURDI,Company_Data_Warehouse,40268961.12,21877646.78,2923481.53,1500000,0,9467832.82
2022-12-01,MAKURDI,Company_Data_Warehouse,33134984.44,18183310.51,2197669.53,1500000,0,6754004.4
2023-01-01,MAKURDI,Company_Data_Warehouse,34566241.92,16141475.83,3506294.4,1500000,0,8918471.68
2023-02-01,MAKURDI,Company_Data_Warehouse,36612939.38,20543396.65,2520475.68,1500000,0,7549067.06
2023-03-01,MAKURDI,Company_Data_Warehouse,36128877.76,20372933.9,2479826.12,1500000,0,7276117.74
2023-04-01,MAKURDI,Company_Data_Warehouse,35142681.05,17216434.29,2145088.88,1500000,7000000,2781157.89
2023-05-01,MAKURDI,Company_Data_Warehouse,32201266.9,17138595.02,3726945.14,1500000,7000000,-1664273.26
2023-06-01,MAKURDI,Company_Data_Warehouse,33371712.78,16578868.12,2807389.49,1500000,0,7985455.17
2023-07-01,MAKURDI,Company_Data_Warehouse,40263239.68,21340899.47,3056946.58,1500000,0,9865393.62
2023-08-01,MAKURDI,Company_Data_Warehouse,37126535.25,21138272.58,4374779.08,1500000,0,5613483.6
2023-09-01,MAKURDI,Company_Data_Warehouse,35885111.21,18663018.81,3253860.82,1500000,0,7968231.58
2023-10-01,MAKURDI,Company_Data_Warehouse,32444678.63,15189441.54,2146704.7,1500000,0,9108532.4
2023-11-01,MAKURDI,Company_Data_Warehouse,44065844.17,22939319.64,3656281.68,1500000,0,11470242.86
2023-12-01,MAKURDI,Company_Data_Warehouse,41249797.2,22301895.45,3258516.25,1500000,0,9689385.49
2021-01-01,BAUCHI,Company_Data_Warehouse,43714459.64,21348994.06,2582398.84,1500000,0,13783066.73
2021-02-01,BAUCHI,Company_Data_Warehouse,34001338.35,17669456.4,2748875.85,1500000,0,7583006.1
2021-03-01,BAUCHI,Company_Data_Warehouse,38623002.9,21605089.31,3960929.18,1500000,7000000,56984.42
2021-04-01,BAUCHI,Company_Data_Warehouse,36772388.48,17543478.3,3959809.89,1500000,0,9269100.3
2021-05-01,BAUCHI,Company_Data_Warehouse,40360401.09,19079424.37,4063586.01,1500000,0,11217390.71
2021-06-01,BAUCHI,Company_Data_Warehouse,36154423.89,19107137.43,2523640.12,1500000,0,8523646.33
2021-07-01,BAUCHI,Company_Data_Warehouse,36851339.78,18011198.85,3231188.5,1500000,0,9608952.43
2021-08-01,BAUCHI,Company_Data_Warehouse,34862592.82,17260523.75,2587762.43,1500000,0,9014306.64
2021-09-01,BAUCHI,Company_Data_Warehouse,32150975.46,18169230.0,2393575.64,1500000,0,5588169.82
2021-10-01,BAUCHI,Company_Data_Warehouse,34278365.27,18436727.28,3296611.16,1500000,7000000,-454973.17
2021-11-01,BAUCHI,Company_Data_Warehouse,34266299.87,18685000.87,2226696.42,1500000,0,7354602.58
2021-12-01,BAUCHI,Company_Data_Warehouse,45154057.07,23246285.74,4218933.14,1500000,0,11688838.2
2022-01-01,BAUCHI,Company_Data_Warehouse,38887288.2,18072393.71,2710837.44,1500000,0,12104057.05
2022-02-01,BAUCHI,Company_Data_Warehouse,33497405.8,16916748.55,3482707.78,1500000,0,7097949.47
2022-03-01,BAUCHI,Company_Data_Warehouse,43926256.54,21911816.34,2916226.15,1500000,0,13098214.06
2022-04-01,BAUCHI,Company_Data_Warehouse,43080778.39,23019630.6,2660569.66,1500000,0,11400578.13
2022-05-01,BAUCHI,Company_Data_Warehouse,31886024.38,16013226.33,3469801.55,1500000,7000000,-597003.5
2022-06-01,BAUCHI,Company_Data_Warehouse,44387627.98,23397563.24,2218787.38,1500000,0,12771277.36
2022-07-01,BAUCHI,Company_Data_Warehouse,44468746.34,22863480.42,3255834.21,1500000,0,12349431.72
2022-08-01,BAUCHI,Company_Data_Warehouse,42684393.16,21406248.65,4219570.03,1500000,0,11058574.49
2022-09-01,BAUCHI,Company_Data_Warehouse,32462470.77,16664074.06,4486980.59,1500000,0,5311416.12
2022-10-01,BAUCHI,Company_Data_Warehouse,31577955.19,16517190.63,3617492.4,1500000,0,5443272.17
2022-11-01,BAUCHI,Company_Data_Warehouse,32975490.76,16550342.55,4331400.84,1500000,7000000,-906252.63
2022-12-01,BAUCHI,Company_Data_Warehouse,34753309.98,19377938.23,3247496.87,1500000,0,6127874.88
2023-01-01,BAUCHI,Company_Data_Warehouse,38316957.36,19032960.38,4336328.7,1500000,0,8947668.28
2023-02-01,BAUCHI,Company_Data_Warehouse,43089844.11,20533396.8,2675730.67,1500000,0,13880716.64
2023-03-01,BAUCHI,Company_Data_Warehouse,33514727.62,17178909.44,2089037.22,1500000,0,8246780.96
2023-04-01,BAUCHI,Company_Data_Warehouse,32250103.2,15235198.97,4318461.99,1500000,0,6696442.24
2023-05-01,BAUCHI,Company_Data_Warehouse,41616067.95,22250483.57,2397216.88,1500000,0,10968367.5
2023-06-01,BAUCHI,Company_Data_Warehouse,40486546.97,22115503.7,2037502.64,1500000,0,10333540.63
2023-07-01,BAUCHI,Company_Data_Warehouse,40250688.56,20883117.02,2473483.61,1500000,0,10894087.93
2023-08-01,BAUCHI,Company_Data_Warehouse,33180238.58,18223525.66,2540679.1,1500000,7000000,-583966.18
2023-09-01,BAUCHI,Company_Data_Warehouse,32499391.49,15757122.49,3044328.0,1500000,0,7697941.0
2023-10-01,BAUCHI,Company_Data_Warehouse,44576338.34,21726974.39,4393027.86,1500000,0,12456336.1
2023-11-01,BAUCHI,Company_Data_Warehouse,41395136.95,21061235.34,2108200.67,1500000,0,12225700.94
2023-12-01,BAUCHI,Company_Data_Warehouse,42617598.78,23940316.88,3864270.74,1500000,0,8813011.16
2021-01-01,AKURE,Company_Data_Warehouse,35383552.6,17473877.43,2767483.75,1500000,0,9142191.43
2021-02-01,AKURE,Company_Data_Warehouse,45474243.89,21794859.41,4475662.65,1500000,0,13203721.84
2021-03-01,AKURE,Company_Data_Warehouse,36544239.94,20765719.82,4459037.81,1500000,0,5319482.31
2021-04-01,AKURE,Company_Data_Warehouse,36887202.19,19496336.71,3970797.15,1500000,0,7420068.33
2021-05-01,AKURE,Company_Data_Warehouse,32542467.75,16680145.4,2423285.57,1500000,0,7439036.78
2021-06-01,AKURE,Company_Data_Warehouse,38062390.26,21334750.95,2882735.32,1500000,0,7844903.99
2021-07-01,AKURE,Company_Data_Warehouse,40655340.83,21919474.12,2608573.84,1500000,0,10127292.87
2021-08-01,AKURE,Company_Data_Warehouse,33884060.03,16357172.54,4377249.49,1500000,0,7149638.0
2021-09-01,AKURE,Company_Data_Warehouse,40734856.65,21307700.67,4056568.49,1500000,0,9370587.49
2021-10-01,AKURE,Company_Data_Warehouse,38316096.29,20078876.06,2271609.83,1500000,0,9965610.4
2021-11-01,AKURE,Company_Data_Warehouse,38693462.11,18412872.12,4118430.03,1500000,0,10162159.96
2021-12-01,AKURE,Company_Data_Warehouse,45492327.09,23282518.75,4255988.57,1500000,7000000,4953819.77
2022-01-01,AKURE,Company_Data_Warehouse,35925816.9,17144236.2,3899969.97,1500000,0,8881610.73
2022-02-01,AKURE,Company_Data_Warehouse,43737250.94,24560821.93,3342746.66,1500000,0,9833682.35
2022-03-01,AKURE,Company_Data_Warehouse,38774636.46,22149320.55,3675190.32,1500000,0,6950125.58
2022-04-01,AKURE,Company_Data_Warehouse,42400746.39,22101859.01,4208063.3,1500000,0,10090824.08
2022-05-01,AKURE,Company_Data_Warehouse,42980415.7,19956688.12,4253620.55,1500000,0,12770107.02
2022-06-01,AKURE,Company_Data_Warehouse,44382710.69,24451124.51,2089321.74,1500000,0,11842264.44
2022-07-01,AKURE,Company_Data_Warehouse,38859971.79,20457926.06,2483087.19,1500000,7000000,2918958.54
2022-08-01,AKURE,Company_Data_Warehouse,37139620.13,18600770.72,2304088.13,1500000,0,10234761.29
2022-09-01,AKURE,Company_Data_Warehouse,32023763.02,15746897.24,4433110.29,1500000,0,5843755.5
2022-10-01,AKURE,Company_Data_Warehouse,44859740.13,21445440.76,2756894.0,1500000,0,14657405.38
2022-11-01,AKURE,Company_Data_Warehouse,42391447.78,22574487.29,4075793.2,1500000,0,9741167.29
2022-12-01,AKURE,Company_Data_Warehouse,31670689.39,17399536.73,3790151.0,1500000,0,4481001.66
2023-01-01,AKURE,Company_Data_Warehouse,39252837.5,20591998.65,3891942.43,1500000,0,8768896.42
2023-02-01,AKURE,Company_Data_Warehouse,43886583.66,21127103.62,2850333.8,1500000,7000000,6909146.24
2023-03-01,AKURE,Company_Data_Warehouse,32184384.29,16073121.27,2004305.15,1500000,0,8106957.87
2023-04-01,AKURE,Company_Data_Warehouse,34904126.01,19051698.11,3661667.49,1500000,7000000,-809239.59
2023-05-01,AKURE,Company_Data_Warehouse,36919398.94,20266483.15,3657336.59,1500000,0,6995579.19
2023-06-01,AKURE,Company_Data_Warehouse,34005948.31,16222340.5,2076185.97,1500000,0,9707421.83
2023-07-01,AKURE,Company_Data_Warehouse,37883758.36,17999024.33,4180406.42,1500000,0,9704327.61
2023-08-01,AKURE,Company_Data_Warehouse,37127438.96,18399823.64,4329533.02,1500000,0,8398082.3
2023-09-01,AKURE,Company_Data_Warehouse,35525170.03,17355074.64,2845191.63,1500000,0,9324903.76
2023-10-01,AKURE,Company_Data_Warehouse,41066659.81,19022553.74,2984532.53,1500000,0,13059573.54
2023-11-01,AKURE,Company_Data_Warehouse,38033466.5,21326759.33,4336995.19,1500000,7000000,-630288.03
2023-12-01,AKURE,Company_Data_Warehouse,36775375.31,17885568.81,4303436.8,1500000,0,8586369.7
2021-01-01,ONITSHA UPPER IWEKA,Company_Data_Warehouse,43096158.87,21952937.94,3259635.37,1500000,0,11883585.56
2021-02-01,ONITSHA UPPER IWEKA,Company_Data_Warehouse,39432138.71,20513984.4,3010879.3,1500000,0,9907275.01
2021-03-01,ONITSHA UPPER IWEKA,Company_Data_Warehouse,37486827.1,21334318.58,4457994.25,1500000,7000000,-1305485.72
2021-04-01,ONITSHA UPPER IWEKA,Company_Data_Warehouse,31665148.15,17459746.26,3737028.1,1500000,7000000,-2531626.22
2021-05-01,ONITSHA UPPER IWEKA,Company_Data_Warehouse,41154573.01,19159771.63,2115990.01,1500000,0,13878811.36
2021-06-01,ONITSHA UPPER IWEKA,Company_Data_Warehouse,36393844.81,19736014.79,2049264.14,1500000,0,8608565.87
2021-07-01,ONITSHA UPPER IWEKA,Company_Data_Warehouse,36504841.87,19110231.29,3119268.58,1500000,0,8275342.0
2021-08-01,ONITSHA UPPER IWEKA,Company_Data_Warehouse,45092360.09,23190486.81,3723335.24,1500000,0,12178538.04
2021-09-01,ONITSHA UPPER IWEKA,Company_Data_Warehouse,37206954.36,19079601.36,2290001.73,1500000,0,9837351.27
2021-10-01,ONITSHA UPPER IWEKA,Company_Data_Warehouse,33834664.81,15755387.82,2869456.55,1500000,7000000,2209820.44
2021-11-01,ONITSHA UPPER IWEKA,Company_Data_Warehouse,40214394.51,22081440.73,3269427.96,1500000,0,8863525.82
2021-12-01,ONITSHA UPPER IWEKA,Company_Data_Warehouse,45242442.27,24870888.13,3940987.6,1500000,0,10430566.54
2022-01-01,ONITSHA UPPER IWEKA,Company_Data_Warehouse,32522068.2,16484985.43,2488558.41,1500000,0,7548524.37
2022-02-01,ONITSHA UPPER IWEKA,Company_Data_Warehouse,41074954.02,18815925.28,3949309.32,1500000,0,12309719.42
2022-03-01,ONITSHA UPPER IWEKA,Company_Data_Warehouse,45259616.42,22043636.62,2130927.82,1500000,0,15085051.98
2022-04-01,ONITSHA UPPER IWEKA,Company_Data_Warehouse,36967275.36,17863510.37,2597510.2,1500000,0,10506254.79
2022-05-01,ONITSHA UPPER IWEKA,Company_Data_Warehouse,35470980.95,16233081.55,3200604.24,1500000,0,10037295.17
2022-06-01,ONITSHA UPPER IWEKA,Company_Data_Warehouse,31985043.54,16546107.46,3190936.1,1500000,7000000,-752000.02
2022-07-01,ONITSHA UPPER IWEKA,Company_Data_Warehouse,36699986.45,20162427.29,2061038.0,1500000,7000000,1476521.16
2022-08-01,ONITSHA UPPER IWEKA,Company_Data_Warehouse,39349653.01,21976168.39,3848512.23,1500000,7000000,524972.39
2022-09-01,ONITSHA UPPER IWEKA,Company_Data_Warehouse,42329310.94,19518509.51,2930315.31,1500000,0,13880486.12
2022-10-01,ONITSHA UPPER IWEKA,Company_Data_Warehouse,40435627.41,22415880.13,2192844.27,1500000,0,9826903.02
2022-11-01,ONITSHA UPPER IWEKA,Company_Data_Warehouse,33655123.31,16059333.12,2244883.31,1500000,7000000,2350906.89
2022-12-01,ONITSHA UPPER IWEKA,Company_Data_Warehouse,38682659.87,19010471.3,2766087.48,1500000,0,10906101.09
2023-01-01,ONITSHA UPPER IWEKA,Company_Data_Warehouse,39671006.24,22062415.11,4484554.66,1500000,0,7124036.47
2023-02-01,ONITSHA UPPER IWEKA,Company_Data_Warehouse,31618311.9,17385233.03,2890268.14,1500000,0,5342810.73
2023-03-01,ONITSHA UPPER IWEKA,Company_Data_Warehouse,33904070.59,18427555.33,2777081.69,1500000,0,6699433.57
2023-04-01,ONITSHA UPPER IWEKA,Company_Data_Warehouse,42519106.8,20820505.32,4430675.39,1500000,0,11267926.08
2023-05-01,ONITSHA UPPER IWEKA,Company_Data_Warehouse,42494742.54,23430084.32,3033726.32,1500000,0,10030931.9
2023-06-01,ONITSHA UPPER IWEKA,Company_Data_Warehouse,33565397.57,16410168.13,2935638.65,1500000,0,8219590.8
2023-07-01,ONITSHA UPPER IWEKA,Company_Data_Warehouse,45275489.06,25519706.82,3092272.78,1500000,7000000,3663509.46
2023-08-01,ONITSHA UPPER IWEKA,Company_Data_Warehouse,42003312.3,19971327.64,3222287.17,1500000,0,12809697.49
2023-09-01,ONITSHA UPPER IWEKA,Company_Data_Warehouse,44255601.54,23204103.87,4451726.28,1500000,0,10599771.4
2023-10-01,ONITSHA UPPER IWEKA,Company_Data_Warehouse,34238938.56,16687046.65,3468905.77,1500000,0,8082986.14
2023-11-01,ONITSHA UPPER IWEKA,Company_Data_Warehouse,42196643.52,20401855.13,3156241.93,1500000,0,12638546.46
2023-12-01,ONITSHA UPPER IWEKA,Company_Data_Warehouse,38999353.15,21836177.73,2142103.54,1500000,7000000,2021071.88
2021-01-01,OWERRI,Company_Data_Warehouse,40267519.3,21735799.62,4235577.23,1500000,0,8296142.45
2021-02-01,OWERRI,Company_Data_Warehouse,38593890.73,17713498.89,3507818.57,1500000,7000000,4372573.27
2021-03-01,OWERRI,Company_Data_Warehouse,37779521.63,20781134.12,4065295.9,1500000,0,6933091.61
2021-04-01,OWERRI,Company_Data_Warehouse,44783625.38,21694289.62,3162887.94,1500000,0,13926447.82
2021-05-01,OWERRI,Company_Data_Warehouse,37186798.44,19042030.12,2502574.62,1500000,0,9642193.7
2021-06-01,OWERRI,Company_Data_Warehouse,36137304.1,19376518.36,4371700.35,1500000,7000000,-610914.62
2021-07-01,OWERRI,Company_Data_Warehouse,35642361.72,17704402.5,2714655.69,1500000,0,9223303.53
2021-08-01,OWERRI,Company_Data_Warehouse,44135337.56,21771890.45,3048941.61,1500000,0,13314505.5
2021-09-01,OWERRI,Company_Data_Warehouse,32521530.04,16776030.09,3328891.93,1500000,7000000,-583391.97
2021-10-01,OWERRI,Company_Data_Warehouse,42579717.17,20825763.21,3618665.05,1500000,7000000,5135288.91
2021-11-01,OWERRI,Company_Data_Warehouse,41739471.12,23638980.05,2199471.66,1500000,0,9901019.41
2021-12-01,OWERRI,Company_Data_Warehouse,43933699.54,22877681.7,3052534.46,1500000,0,12003483.39
2022-01-01,OWERRI,Company_Data_Warehouse,31652479.62,15924174.47,2287759.37,1500000,0,7440545.78
2022-02-01,OWERRI,Company_Data_Warehouse,39667296.02,20717784.86,4340512.0,1500000,0,8608999.15
2022-03-01,OWERRI,Company_Data_Warehouse,44804559.12,23674138.14,3581894.71,1500000,0,11548526.27
2022-04-01,OWERRI,Company_Data_Warehouse,44658656.58,22531477.02,2536801.02,1500000,0,13590378.53
2022-05-01,OWERRI,Company_Data_Warehouse,35293974.12,17503609.41,3337218.11,1500000,0,8453146.59
2022-06-01,OWERRI,Company_Data_Warehouse,38662081.68,19913194.6,3642079.61,1500000,0,9106807.48
2022-07-01,OWERRI,Company_Data_Warehouse,38732697.54,21444378.85,4384191.81,1500000,0,6904126.88
2022-08-01,OWERRI,Company_Data_Warehouse,36441483.46,18819586.61,3816631.36,1500000,0,7805265.49
2022-09-01,OWERRI,Company_Data_Warehouse,34613360.26,16441317.5,3032338.19,1500000,0,9139704.58
2022-10-01,OWERRI,Company_Data_Warehouse,37997395.44,21303120.09,2524364.47,1500000,0,8169910.88
2022-11-01,OWERRI,Company_Data_Warehouse,38373979.77,21008369.36,2075962.36,1500000,0,9289648.05
2022-12-01,OWERRI,Company_Data_Warehouse,41068005.42,19349807.92,4101691.34,1500000,0,11616506.16
2023-01-01,OWERRI,Company_Data_Warehouse,35282129.43,16696277.11,2405459.34,1500000,0,10180392.98
2023-02-01,OWERRI,Company_Data_Warehouse,32214993.08,15994108.76,2246259.3,1500000,0,7974625.02
2023-03-01,OWERRI,Company_Data_Warehouse,37205451.17,17956301.13,3964114.77,1500000,0,9285035.27
2023-04-01,OWERRI,Company_Data_Warehouse,39346000.41,21174384.16,2666004.43,1500000,0,9505611.82
2023-05-01,OWERRI,Company_Data_Warehouse,38922071.71,19576085.36,3866348.8,1500000,7000000,2479637.55
2023-06-01,OWERRI,Company_Data_Warehouse,38998380.21,18022356.75,2054054.13,1500000,0,12921969.33
2023-07-01,OWERRI,Company_Data_Warehouse,33912322.29,18023777.91,2228575.6,1500000,7000000,659968.78
2023-08-01,OWERRI,Company_Data_Warehouse,45471391.63,25625270.59,2796525.55,1500000,0,11049595.49
2023-09-01,OWERRI,Company_Data_Warehouse,37424602.95,18784279.72,2700963.52,1500000,0,9939359.71
2023-10-01,OWERRI,Company_Data_Warehouse,36927579.69,20505490.68,4333420.49,1500000,0,6088668.52
2023-11-01,OWERRI,Company_Data_Warehouse,45434387.38,21034589.02,3517645.88,1500000,0,14882152.48
2023-12-01,OWERRI,Company_Data_Warehouse,37244498.33,19477776.61,2348298.56,1500000,0,9418423.16
